slot	meaning	strand	form	gloss_as_given	match	provenance	notes
1	fire	lexical	*tulɨ	fire	exact	cited:Sammallahti 1988 (in Sinor ed., The Uralic Languages), p. 540; https://archive.org/details/the-uralic-languages-description-history-and-foreign-influences/page/n279	source note: List 1 'Uralic stems consisting of two or more syllables' (Etymological word list), entry 'PU ...'.  Form transcribed from page image (PDF p. 280); OCR quote differs.
2	nose	lexical	nere (nēre)	Nase, Schnabel, Schnauze, Rüssel	exact	cited:UEW (Rédei 1986-88) via Uralonet, entry 594; https://uralonet.nytud.hu/eintrag.cgi?id_eintrag=594&locale=de_DE	source note: Uralonet (online UEW) web text, no OCR; form as given without asterisk; bold level U.
3	to go	lexical	*meni-	go	exact	cited:Sammallahti 1988 (in Sinor ed., The Uralic Languages), p. 538; https://archive.org/details/the-uralic-languages-description-history-and-foreign-influences/page/n278	source note: List 1 'Uralic stems consisting of two or more syllables' (Etymological word list), entry 'PU ...'.  Form transcribed from page image (PDF p. 279); OCR quote differs.
4	water	lexical	*weti	water	exact	cited:Sammallahti 1988 (in Sinor ed., The Uralic Languages), p. 541; https://archive.org/details/the-uralic-languages-description-history-and-foreign-influences/page/n279	source note: List 1 'Uralic stems consisting of two or more syllables' (Etymological word list), entry 'PU ...'.  Form transcribed from page image (PDF p. 280); OCR quote differs.
5	mouth	lexical	*åŋi	mouth	exact	cited:Sammallahti 1988 (in Sinor ed., The Uralic Languages), p. 483; https://archive.org/details/the-uralic-languages-description-history-and-foreign-influences/page/n250	rule §1.1 first-listed (earliest page in Sammallahti; lowest UEW entry number); also: *śoxi 'mouth' (Sammallahti 1988 540) | source note: Section 1.2 consonant examples (from Janhunen 1981b), under *ŋ. Form transcribed from page image (PDF p. 251); OCR quote differs.
6	tongue	lexical	*käxli	tongue	exact	cited:Sammallahti 1988 (in Sinor ed., The Uralic Languages), p. 538; https://archive.org/details/the-uralic-languages-description-history-and-foreign-influences/page/n278	source note: List 1 'Uralic stems consisting of two or more syllables' (Etymological word list), entry 'PU ...'.  Form transcribed from page image (PDF p. 279); OCR quote differs.
7	blood	lexical	kälɜ	(geronnenes) Blut	exact	cited:UEW (Rédei 1986-88) via Uralonet, entry 260; https://uralonet.nytud.hu/eintrag.cgi?id_eintrag=260&locale=de_DE	source note: Uralonet (online UEW) web text, no OCR; form as given without asterisk; bold level U. Gloss specifies '(clotted)'.
8	bone	lexical	*lɨxɨ	bone	exact	cited:Sammallahti 1988 (in Sinor ed., The Uralic Languages), p. 538; https://archive.org/details/the-uralic-languages-description-history-and-foreign-influences/page/n278	source note: List 1 'Uralic stems consisting of two or more syllables' (Etymological word list), entry 'PU ...'. OCR badly mangled ('zi'). Form transcribed from page image (PDF p. 279); OCR quote differs.
9	you (2sg)	morphology					grammatical item: see data/morphology.md
10	root	lexical	wåncå	root	exact	cited:Sammallahti 1988 (in Sinor ed., The Uralic Languages), p. 541; https://archive.org/details/the-uralic-languages-description-history-and-foreign-influences/page/n279	source note: List 1 'Uralic stems consisting of two or more syllables' (Etymological word list), entry 'PU ...'. Printed without asterisk in List 1; p.483 prints *wåncå 'root' in text. Form transcribed from page image (PDF p. 280); OCR quote differs.
11	to come	lexical	*tolɨ-	come	exact	cited:Sammallahti 1988 (in Sinor ed., The Uralic Languages), p. 540; https://archive.org/details/the-uralic-languages-description-history-and-foreign-influences/page/n279	source note: List 1 'Uralic stems consisting of two or more syllables' (Etymological word list), entry 'PU ...'.  Form transcribed from page image (PDF p. 280); OCR quote differs.
12	breast	lexical	*śünśi/ä	breast	exact	cited:Sammallahti 1988 (in Sinor ed., The Uralic Languages), p. 540; https://archive.org/details/the-uralic-languages-description-history-and-foreign-influences/page/n279	source note: List 1 'Uralic stems consisting of two or more syllables' (Etymological word list), entry 'PU ...'.  Form transcribed from page image (PDF p. 280); OCR quote differs.
13	rain	lexical	*śådå-	rain	exact	cited:Sammallahti 1988 (in Sinor ed., The Uralic Languages), p. 540; https://archive.org/details/the-uralic-languages-description-history-and-foreign-influences/page/n279	printed with a hyphen; Sammallahti also hyphenates some nouns (e.g. *tuxlɨ- 'feather', same page), so the hyphen does not show a verb, and 'rain' is taken as the slot meaning
14	I (1sg)	morphology					grammatical item: see data/morphology.md
15	name	lexical	*nimi	name	exact	cited:Sammallahti 1988 (in Sinor ed., The Uralic Languages), p. 538; https://archive.org/details/the-uralic-languages-description-history-and-foreign-influences/page/n278	source note: List 1 'Uralic stems consisting of two or more syllables' (Etymological word list), entry 'PU ...'.  Form transcribed from page image (PDF p. 279); OCR quote differs.
16	louse	lexical					
17	wing	lexical	*tuxlɨ	feather, wing	exact	cited:Sammallahti 1988 (in Sinor ed., The Uralic Languages), p. 483; https://archive.org/details/the-uralic-languages-description-history-and-foreign-influences/page/n250	source note: Section 1.2 consonant examples (from Janhunen 1981b), under *x. List 1 (p.540) has PU *tuxlɨ- glossed only 'feather'. Form transcribed from page image (PDF p. 251); OCR quote differs.
18	flesh/meat	lexical					
19	arm/hand	lexical	soja	Arm -> Ärmel	exact	cited:UEW (Rédei 1986-88) via Uralonet, entry 902; https://uralonet.nytud.hu/eintrag.cgi?id_eintrag=902&locale=de_DE	source note: Uralonet (online UEW) web text, no OCR; form as given without asterisk; bold level U. 'Arm' with semantic development to 'sleeve'.
20	fly (insect)	lexical					
21	night	lexical	jitɜ (jütɜ)	Abend; Nacht	exact	cited:UEW (Rédei 1986-88) via Uralonet, entry 185; https://uralonet.nytud.hu/eintrag.cgi?id_eintrag=185&locale=de_DE	source note: Uralonet (online UEW) web text, no OCR; form as given without asterisk; bold level U. Two senses: evening; night.
22	ear	lexical	*kåwɨ	ear	exact	cited:Sammallahti 1988 (in Sinor ed., The Uralic Languages), p. 538; https://archive.org/details/the-uralic-languages-description-history-and-foreign-influences/page/n278	source note: List 1 'Uralic stems consisting of two or more syllables' (Etymological word list), entry 'PU ...'.  Form transcribed from page image (PDF p. 279); OCR quote differs.
23	neck	lexical	ńȣkkɜ	Nacken	exact	cited:UEW (Rédei 1986-88) via Uralonet, entry 650; https://uralonet.nytud.hu/eintrag.cgi?id_eintrag=650&locale=de_DE	source note: Uralonet (online UEW) web text, no OCR; form as given without asterisk; bold level U. Nacken = nape/back of neck.
24	far	lexical					
25	to do/make	lexical	meke	Sache, Tat, Handlung, Arbeit; tun, machen, arbeiten	exact	cited:UEW (Rédei 1986-88) via Uralonet, entry 533; https://uralonet.nytud.hu/eintrag.cgi?id_eintrag=533&locale=de_DE	source note: Uralonet (online UEW) web text, no OCR; form as given without asterisk; bold level U. Noun and verb senses; verb 'tun, machen'.
26	house	lexical					
27	stone/rock	lexical	pije	Stein	exact	cited:UEW (Rédei 1986-88) via Uralonet, entry 760; https://uralonet.nytud.hu/eintrag.cgi?id_eintrag=760&locale=de_DE	source note: Uralonet (online UEW) web text, no OCR; form as given without asterisk; bold level U.
28	bitter	lexical					
29	to say	lexical	mȣnɜ- (monɜ-)	sagen	exact	cited:UEW (Rédei 1986-88) via Uralonet, entry 570; https://uralonet.nytud.hu/eintrag.cgi?id_eintrag=570&locale=de_DE	source note: Uralonet (online UEW) web text, no OCR; form as given without asterisk; bold level U.
30	tooth	lexical					
31	hair	lexical	*ɨptɨ	hair (on the head)	exact	cited:Sammallahti 1988 (in Sinor ed., The Uralic Languages), p. 536; https://archive.org/details/the-uralic-languages-description-history-and-foreign-influences/page/n277	source note: List 1 'Uralic stems consisting of two or more syllables' (Etymological word list), entry 'PU ...'.  Form transcribed from page image (PDF p. 278); OCR quote differs.
32	big	lexical	anɜ (onɜ)	groß; viel	exact	cited:UEW (Rédei 1986-88) via Uralonet, entry 13; https://uralonet.nytud.hu/eintrag.cgi?id_eintrag=13&locale=de_DE	rule §1.1 first-listed (earliest page in Sammallahti; lowest UEW entry number); also: enä 'groß, viel' (Uralonet UEW № 135); erɜ 'groß, viel' (Uralonet UEW № 136); ulɜ (ulɜ-jɜ) 'viel, groß; sehr' (Uralonet UEW № 1091) | source note: Uralonet (online UEW) web text, no OCR; form as given without asterisk; bold level U. Sammallahti gives only PFU *e/ina 'much, big'.
33	one	lexical					
34	who?	lexical	ku-, ko-	wer, welcher, ?was	exact	cited:UEW (Rédei 1986-88) via Uralonet, entry 372; https://uralonet.nytud.hu/eintrag.cgi?id_eintrag=372&locale=de_DE	source note: Uralonet (online UEW) web text, no OCR; form as given without asterisk; bold level U. '?was' is doubtful (marker '?') but 'wer' undoubted.
35	he/she (3sg)	morphology					grammatical item: see data/morphology.md
36	to hit/beat	lexical	peksä-	schlagen	exact	cited:UEW (Rédei 1986-88) via Uralonet, entry 736; https://uralonet.nytud.hu/eintrag.cgi?id_eintrag=736&locale=de_DE	rule §1.1 first-listed (earliest page in Sammallahti; lowest UEW entry number); also: tappa- 'mit den Füßen stampfen; schlagen, pochen' (Uralonet UEW № 1025) | source note: Uralonet (online UEW) web text, no OCR; form as given without asterisk; bold level U.
37	leg/foot	lexical					
38	horn	lexical	aŋtɜ (oŋtɜ)	Horn	exact	cited:UEW (Rédei 1986-88) via Uralonet, entry 19; https://uralonet.nytud.hu/eintrag.cgi?id_eintrag=19&locale=de_DE	source note: Uralonet (online UEW) web text, no OCR; form as given without asterisk; bold level U.
39	this	lexical	će, ći	dieser, der, jener	exact	cited:UEW (Rédei 1986-88) via Uralonet, entry 59; https://uralonet.nytud.hu/eintrag.cgi?id_eintrag=59&locale=de_DE	rule §1.1 first-listed (earliest page in Sammallahti; lowest UEW entry number); also: e 'dieser, diese, dieses' (Uralonet UEW № 125); tä, te, ti 'dieser' (Uralonet UEW № 1034) | source note: Uralonet (online UEW) web text, no OCR; form as given without asterisk; bold level U.
40	fish	lexical	*kålå	fish	exact	cited:Sammallahti 1988 (in Sinor ed., The Uralic Languages), p. 538; https://archive.org/details/the-uralic-languages-description-history-and-foreign-influences/page/n278	source note: List 1 'Uralic stems consisting of two or more syllables' (Etymological word list), entry 'PU ...'.  Form transcribed from page image (PDF p. 279); OCR quote differs.
41	yesterday	lexical					
42	to drink	lexical	irɜ- (ürɜ-)	trinken	exact	cited:UEW (Rédei 1986-88) via Uralonet, entry 154; https://uralonet.nytud.hu/eintrag.cgi?id_eintrag=154&locale=de_DE	source note: Uralonet (online UEW) web text, no OCR; form as given without asterisk; bold level U. Sammallahti gives only PFU *juxi- 'drink'.
43	black	lexical					
44	navel	lexical					
45	to stand	lexical					
46	to bite	lexical	*porɨ-	bite	exact	cited:Sammallahti 1988 (in Sinor ed., The Uralic Languages), p. 539; https://archive.org/details/the-uralic-languages-description-history-and-foreign-influences/page/n278	rule §1.1 first-listed (earliest page in Sammallahti; lowest UEW entry number); also: *pålå- 'bite' (Sammallahti 1988 540) | source note: List 1 'Uralic stems consisting of two or more syllables' (Etymological word list), entry 'PU ...'. Same form glossed 'eat' on p.481. Form transcribed from page image (PDF p. 279); OCR quote differs.
47	back	lexical	*mukå	back	exact	cited:Sammallahti 1988 (in Sinor ed., The Uralic Languages), p. 538; https://archive.org/details/the-uralic-languages-description-history-and-foreign-influences/page/n278	source note: List 1 'Uralic stems consisting of two or more syllables' (Etymological word list), entry 'PU ...'.  Form transcribed from page image (PDF p. 279); OCR quote differs.
48	wind	lexical					
49	smoke	lexical	*künti	smoke	exact	cited:Sammallahti 1988 (in Sinor ed., The Uralic Languages), p. 537; https://archive.org/details/the-uralic-languages-description-history-and-foreign-influences/page/n277	source note: List 1 'Uralic stems consisting of two or more syllables' (Etymological word list), entry 'PU ...'.  Form transcribed from page image (PDF p. 278); OCR quote differs.
50	what?	lexical	mɜ	was; Sache	exact	cited:UEW (Rédei 1986-88) via Uralonet, entry 581; https://uralonet.nytud.hu/eintrag.cgi?id_eintrag=581&locale=de_DE	source note: Uralonet (online UEW) web text, no OCR; form as given without asterisk; bold level U.
51	child (kin term)	lexical	ȣ̈kɜ (jȣ̈kɜ), ȣ̈γɜ (jȣ̈γɜ)	Sohn; Junges	permitted-shift	cited:UEW (Rédei 1986-88) via Uralonet, entry 208; https://uralonet.nytud.hu/eintrag.cgi?id_eintrag=208&locale=de_DE	rule §1.1 first-listed (earliest page in Sammallahti; lowest UEW entry number); also: nejδe 'Mädchen, Jungfrau, Tochter' (Uralonet UEW № 592) | source note: Uralonet (online UEW) web text, no OCR; form as given without asterisk; bold level U. son.
52	egg	lexical	*munå	egg	exact	cited:Sammallahti 1988 (in Sinor ed., The Uralic Languages), p. 538; https://archive.org/details/the-uralic-languages-description-history-and-foreign-influences/page/n278	source note: List 1 'Uralic stems consisting of two or more syllables' (Etymological word list), entry 'PU ...'.  Form transcribed from page image (PDF p. 279); OCR quote differs.
53	to give	lexical	*mexi-	give, sell	exact	cited:Sammallahti 1988 (in Sinor ed., The Uralic Languages), p. 538; https://archive.org/details/the-uralic-languages-description-history-and-foreign-influences/page/n278	source note: List 1 'Uralic stems consisting of two or more syllables' (Etymological word list), entry 'PU ...'.  Form transcribed from page image (PDF p. 279); OCR quote differs.
54	new	lexical					
55	to burn (intr.)	lexical					
56	not	morphology					grammatical item: see data/morphology.md
57	good	lexical					
58	to know	lexical	*tumtɨ-	know	exact	cited:Sammallahti 1988 (in Sinor ed., The Uralic Languages), p. 541; https://archive.org/details/the-uralic-languages-description-history-and-foreign-influences/page/n279	source note: List 1 'Uralic stems consisting of two or more syllables' (Etymological word list), entry 'PU ...'.  Form transcribed from page image (PDF p. 280); OCR quote differs.
59	knee	lexical	*po/uxlɨ	knee	exact	cited:Sammallahti 1988 (in Sinor ed., The Uralic Languages), p. 539; https://archive.org/details/the-uralic-languages-description-history-and-foreign-influences/page/n278	source note: List 1 'Uralic stems consisting of two or more syllables' (Etymological word list), entry 'PU ...'.  Form transcribed from page image (PDF p. 279); OCR quote differs.
60	sand	lexical					
61	to laugh	lexical					
62	to hear	lexical					
63	soil	lexical	maγe	Land, Erde	permitted-shift	cited:UEW (Rédei 1986-88) via Uralonet, entry 518; https://uralonet.nytud.hu/eintrag.cgi?id_eintrag=518&locale=de_DE	source note: Uralonet (online UEW) web text, no OCR; form as given without asterisk; bold level U. Erde = earth.
64	leaf	lexical					
65	red	lexical					
66	liver	lexical	*mɨkså	liver	exact	cited:Sammallahti 1988 (in Sinor ed., The Uralic Languages), p. 538; https://archive.org/details/the-uralic-languages-description-history-and-foreign-influences/page/n278	source note: List 1 'Uralic stems consisting of two or more syllables' (Etymological word list), entry 'PU ...'.  Form transcribed from page image (PDF p. 279); OCR quote differs.
67	to hide	lexical	čukka-	versperren, verstecken	exact	cited:UEW (Rédei 1986-88) via Uralonet, entry 117; https://uralonet.nytud.hu/eintrag.cgi?id_eintrag=117&locale=de_DE	rule §1.1 first-listed (earliest page in Sammallahti; lowest UEW entry number); also: sala 'verstecken, verhehlen, stehlen; Dieb' (Uralonet UEW № 871) | source note: Uralonet (online UEW) web text, no OCR; form as given without asterisk; bold level U.
68	skin/hide	lexical	ćäptɜ	Haut; Rinde	exact	cited:UEW (Rédei 1986-88) via Uralonet, entry 57; https://uralonet.nytud.hu/eintrag.cgi?id_eintrag=57&locale=de_DE	rule §1.1 first-listed (earliest page in Sammallahti; lowest UEW entry number); also: kopa 'Haut, Rinde' (Uralonet UEW № 352); perɜ 'Haut, Rinde' (Uralonet UEW № 751); talja 'Haut, Fell' (Uralonet UEW № 1023) | source note: Uralonet (online UEW) web text, no OCR; form as given without asterisk; bold level U.
69	to suck	lexical	*imi-	suck	exact	cited:Sammallahti 1988 (in Sinor ed., The Uralic Languages), p. 536; https://archive.org/details/the-uralic-languages-description-history-and-foreign-influences/page/n277	source note: List 1 'Uralic stems consisting of two or more syllables' (Etymological word list), entry 'PU ...'.  Form transcribed from page image (PDF p. 278); OCR quote differs.
70	to carry	lexical	*kånɨ-	carry	exact	cited:Sammallahti 1988 (in Sinor ed., The Uralic Languages), p. 538; https://archive.org/details/the-uralic-languages-description-history-and-foreign-influences/page/n278	source note: List 1 'Uralic stems consisting of two or more syllables' (Etymological word list), entry 'PU ...'. Printed 'Pu *kånɨ-' (barred i after n; checked at 1200 dpi against the distinct t of PFU *kåntå- on same line) - probably misprint for *kånt
71	ant	lexical	kučɜ	Ameise	exact	cited:UEW (Rédei 1986-88) via Uralonet, entry 375; https://uralonet.nytud.hu/eintrag.cgi?id_eintrag=375&locale=de_DE	source note: Uralonet (online UEW) web text, no OCR; form as given without asterisk; bold level U.
72	heavy	lexical					
73	to take	lexical					
74	old	lexical	oma	alt, vorig, vorherig	exact	cited:UEW (Rédei 1986-88) via Uralonet, entry 665; https://uralonet.nytud.hu/eintrag.cgi?id_eintrag=665&locale=de_DE	source note: Uralonet (online UEW) web text, no OCR; form as given without asterisk; bold level U. Sammallahti gives only PFU *omä 'old'.
75	to eat	lexical	*porɨ-	eat	exact	cited:Sammallahti 1988 (in Sinor ed., The Uralic Languages), p. 481; https://archive.org/details/the-uralic-languages-description-history-and-foreign-influences/page/n249	source note: Section 1.1.1 vowel-combination examples (from Janhunen 1981b), italic. List 1 glosses the same form 'bite'. Form transcribed from page image (PDF p. 250); OCR quote differs.
76	thigh	lexical	počka	Schenkel	exact	cited:UEW (Rédei 1986-88) via Uralonet, entry 782; https://uralonet.nytud.hu/eintrag.cgi?id_eintrag=782&locale=de_DE	source note: Uralonet (online UEW) web text, no OCR; form as given without asterisk; bold level U. Schenkel = thigh/shank; English 'leg, thigh'.
77	thick	lexical	paljɜ	dicht, dick {} viel	exact	cited:UEW (Rédei 1986-88) via Uralonet, entry 696; https://uralonet.nytud.hu/eintrag.cgi?id_eintrag=696&locale=de_DE	source note: Uralonet (online UEW) web text, no OCR; form as given without asterisk; bold level U.
78	long	lexical	*pidkä	long, high	exact	cited:Sammallahti 1988 (in Sinor ed., The Uralic Languages), p. 481; https://archive.org/details/the-uralic-languages-description-history-and-foreign-influences/page/n249	rule §1.1 first-listed (earliest page in Sammallahti; lowest UEW entry number); also: *pidi 'long' (Sammallahti 1988 539) | source note: Section 1.1.1 examples (from Janhunen 1981b); also on p.483. Form transcribed from page image (PDF p. 250); OCR quote differs.
79	to blow	lexical	pušɜ-	blasen	exact	cited:UEW (Rédei 1986-88) via Uralonet, entry 827; https://uralonet.nytud.hu/eintrag.cgi?id_eintrag=827&locale=de_DE	rule §1.1 first-listed (earliest page in Sammallahti; lowest UEW entry number); also: puwɜ- (puγɜ-) 'blasen' (Uralonet UEW № 830) | source note: Uralonet (online UEW) web text, no OCR; form as given without asterisk; bold level U.
80	wood	lexical	*joxɨ	tree	permitted-shift	cited:Sammallahti 1988 (in Sinor ed., The Uralic Languages), p. 537; https://archive.org/details/the-uralic-languages-description-history-and-foreign-influences/page/n277	rule §1.1 first-listed (earliest page in Sammallahti; lowest UEW entry number); also: *pu/o/äxɨ/i 'tree' (Sammallahti 1988 539) | source note: List 1 'Uralic stems consisting of two or more syllables' (Etymological word list), entry 'PU ...'.  Form transcribed from page image (PDF p. 278); OCR quote differs.
81	to run	lexical	pukta-	hüpfen, laufen	exact	cited:UEW (Rédei 1986-88) via Uralonet, entry 810; https://uralonet.nytud.hu/eintrag.cgi?id_eintrag=810&locale=de_DE	rule §1.1 first-listed (earliest page in Sammallahti; lowest UEW entry number); also: pȣrɜ- 'laufen, springen' (Uralonet UEW № 838) | source note: Uralonet (online UEW) web text, no OCR; form as given without asterisk; bold level U.
82	to fall	lexical	ećɜ-	fallen	exact	cited:UEW (Rédei 1986-88) via Uralonet, entry 127; https://uralonet.nytud.hu/eintrag.cgi?id_eintrag=127&locale=de_DE	source note: Uralonet (online UEW) web text, no OCR; form as given without asterisk; bold level U. Sammallahti gives only PFU *eskä- 'fall'.
83	eye	lexical	*śilmä	eye	exact	cited:Sammallahti 1988 (in Sinor ed., The Uralic Languages), p. 540; https://archive.org/details/the-uralic-languages-description-history-and-foreign-influences/page/n279	source note: List 1 'Uralic stems consisting of two or more syllables' (Etymological word list), entry 'PU ...'.  Form transcribed from page image (PDF p. 280); OCR quote differs.
84	ash	lexical					
85	tail	lexical	mäńćɜ, mäćɜ	Schwanz (des Rentiers, des Vogels usw.)	exact	cited:UEW (Rédei 1986-88) via Uralonet, entry 530; https://uralonet.nytud.hu/eintrag.cgi?id_eintrag=530&locale=de_DE	rule §1.1 first-listed (earliest page in Sammallahti; lowest UEW entry number); also: sejpä 'Schwanz (nicht bei Vögeln)' (Uralonet UEW № 887) | source note: Uralonet (online UEW) web text, no OCR; form as given without asterisk; bold level U.
86	dog	lexical					
87	to cry/weep	lexical					
88	to tie	lexical	kure-	binden, schnüren	exact	cited:UEW (Rédei 1986-88) via Uralonet, entry 418; https://uralonet.nytud.hu/eintrag.cgi?id_eintrag=418&locale=de_DE	source note: Uralonet (online UEW) web text, no OCR; form as given without asterisk; bold level U.
89	to see	lexical	attɜ- (ottɜ-)	sehen, schauen	exact	cited:UEW (Rédei 1986-88) via Uralonet, entry 33; https://uralonet.nytud.hu/eintrag.cgi?id_eintrag=33&locale=de_DE	rule §1.1 first-listed (earliest page in Sammallahti; lowest UEW entry number); also: wȣjɜ- 'sehen' (Uralonet UEW № 1177); lȣttɜ- 'sehen' (Uralonet UEW № 505); koke- 'sehen, besichtigen, finden' (Uralonet UEW № 336) | source note: Uralonet (online UEW) web text, no OCR; form as given without asterisk; bold level U.
90	sweet	lexical					
91	rope	lexical	*piksi	rope	exact	cited:Sammallahti 1988 (in Sinor ed., The Uralic Languages), p. 483; https://archive.org/details/the-uralic-languages-description-history-and-foreign-influences/page/n250	source note: Section 1.2 consonant examples (from Janhunen 1981b), under *k. List 1 (p.539) glosses the same form 'cord'. Form transcribed from page image (PDF p. 251); OCR quote differs.
92	shade/shadow	lexical					
93	bird	lexical	*luntå	bird; goose	exact	cited:Sammallahti 1988 (in Sinor ed., The Uralic Languages), p. 513; https://archive.org/details/the-uralic-languages-description-history-and-foreign-influences/page/n265	source note: Cited in passing in Ostyak section: '(cf. Vj lånt 'goose' from *PU *luntå 'bird; goose')' - printed with stray asterisk before PU. Not in List 1. Form transcribed from page image (PDF p. 266); OCR quote differs.
94	salt	lexical					
95	small	lexical					
96	wide	lexical					
97	star	lexical	*kunśå	star	exact	cited:Sammallahti 1988 (in Sinor ed., The Uralic Languages), p. 537; https://archive.org/details/the-uralic-languages-description-history-and-foreign-influences/page/n277	source note: List 1 'Uralic stems consisting of two or more syllables' (Etymological word list), entry 'PU ...'.  Form transcribed from page image (PDF p. 278); OCR quote differs.
98	in	lexical					
99	hard	lexical					
100	to crush/grind	lexical					
