slot	meaning	strand	root	form	level	gloss_as_given	match	provenance	branches	non_semitic_branches	viewed	quote	notes
1	fire	lexical	*ˀes-	*ˀes-	Hamito-Semitic	fire	exact	cited:Orel & Stolbova 1995 (HSED), no. 82, p. 22; https://archive.org/details/vladimir-e.-orel-olga-v.-stolbova-hamito-semitic-etymological-dictionary-materia/page/n30	Semitic; Berber; Chadic (WCh, ECh)	2	2026-10-03	82 *ˀes- “fire”	Rift named only after 'Cf.', not counted | chosen by A4.1 tie-breakers: gloss is the slot meaning alone, 3 branches, entry order | 5 other qualifying entries compared by the tie-breakers (branches read on the page image): #930 (3), #24 (2), #928 (2), #1187 (2), #1310 (2) | also glossed with the slot meaning among other meanings, so not reached by the first tie-breaker: #819, #1055, #1553, #2125, #2579 | found by the Index of Meanings and an OCR heading search (A6 rule 9); heading and reflex lines read on the page image
2	nose	lexical	*funVg-	*funVg-	Hamito-Semitic	nose	exact	cited:Orel & Stolbova 1995 (HSED), no. 832, p. 188; https://archive.org/details/vladimir-e.-orel-olga-v.-stolbova-hamito-semitic-etymological-dictionary-materia/page/n113	Egyptian; Cushitic (LEC)	2	2026-10-03	832 *funVg- “nose”	chosen by A4.1 tie-breakers: gloss is the slot meaning alone, 2 branches, entry order | 2 other qualifying entries compared by the tie-breakers (branches read on the page image): #1839 (2), #2194 (2) | also glossed with the slot meaning among other meanings, so not reached by the first tie-breaker: #802, #1340 | found by the Index of Meanings and an OCR heading search (A6 rule 9); heading and reflex lines read on the page image
3	to go	lexical	*baˀ-/*baw-/*bay	*baˀ-/*baw-/*bay	Hamito-Semitic	walk, go	exact	cited:Orel & Stolbova 1995 (HSED), no. 157, p. 39; https://archive.org/details/vladimir-e.-orel-olga-v.-stolbova-hamito-semitic-etymological-dictionary-materia/page/n38	Semitic; Egyptian; Berber; Chadic (WCh, CCh, ECh); Cushitic (Bed, SA, LEC, HEC, Dhl, Rift); Omotic	5	2026-10-03	157 *baˀ-/*baw-/*bay “walk, go”	the last alternant is printed without a hyphen | chosen by A4.1 tie-breakers: gloss is the slot meaning alone, 6 branches, entry order | 37 other qualifying entries compared by the tie-breakers (branches read on the page image): #1042 (5), #1731 (4), #1826 (4), #1843 (4), #619 (3), #908 (3), #1158 (3), #1228 (3), #1746 (3), #1965 (3), #1 (2), #41 (2), #237 (2), #638 (2), #648 (2), #697 (2), #892 (2), #1143 (2), #1178 (2), #1189 (2), #1206 (2), #1240 (2), #1289 (2), #1362 (2), #1373 (2), #1396 (2), #1418 (2), #1420 (2), #1894 (2), #2065 (2), #2153 (2), #2203 (2), #2351 (2), #2516 (2), #2533 (2), #2616 (2), #2668 (2) | also glossed with the slot meaning among other meanings, so not reached by the first tie-breaker: #63, #230, #550, #669, #676, #707, #879, #934, #997, #1127, #1207, #1250, #1276, #1405, #1431, #1439, #1752, #1782, #1885, #2081, #2084, #2103, #2197, #2207, #2219, #2225, #2264, #2301, #2345, #2353, #2418, #2440, #2489, #2504, #2566, #2598, #2606, #2623, #2672 | found by the Index of Meanings and an OCR heading search (A6 rule 9); heading and reflex lines read on the page image
4	water	lexical	*maˀ-	*maˀ-	Hamito-Semitic	water	exact	cited:Orel & Stolbova 1995 (HSED), no. 1699, p. 368; https://archive.org/details/vladimir-e.-orel-olga-v.-stolbova-hamito-semitic-etymological-dictionary-materia/page/n203	Semitic; Egyptian; Berber; Chadic (WCh, CCh); Cushitic (Bed, Dhl, Rift)	4	2026-10-03	1699 *maˀ- “water”	the Beja reflex is glossed 'liquid' | chosen by A4.1 tie-breakers: gloss is the slot meaning alone, 5 branches, entry order | 10 other qualifying entries compared by the tie-breakers (branches read on the page image): #243 (3), #2140 (3), #723 (2), #1156 (2), #1747 (2), #1860 (2), #1877 (2), #1881 (2), #2549 (2), #2586 (2) | also glossed with the slot meaning among other meanings, so not reached by the first tie-breaker: #947, #1659, #1674, #1770, #2567, #2575 | found by the Index of Meanings and an OCR heading search (A6 rule 9); heading and reflex lines read on the page image
5	mouth	lexical	*ˀap-	*ˀap-	Hamito-Semitic	mouth	exact	cited:Orel & Stolbova 1995 (HSED), no. 46, p. 13; https://archive.org/details/vladimir-e.-orel-olga-v.-stolbova-hamito-semitic-etymological-dictionary-materia/page/n25	Semitic; Cushitic (Bed, Agaw, SA, LEC, HEC, Dhl, Rift); Omotic	2	2026-10-03	46 *ˀap- “mouth”	the Semitic reflex is glossed 'nose' | chosen by A4.1 tie-breakers: gloss is the slot meaning alone, 3 branches, entry order | 3 other qualifying entries compared by the tie-breakers (branches read on the page image): #817 (2), #1698 (2), #1701 (2) | found by the Index of Meanings and an OCR heading search (A6 rule 9); heading and reflex lines read on the page image
6	tongue	lexical	*les-	*les-	Hamito-Semitic	tongue	exact	cited:Orel & Stolbova 1995 (HSED), no. 1666, p. 361; https://archive.org/details/vladimir-e.-orel-olga-v.-stolbova-hamito-semitic-etymological-dictionary-materia/page/n199	Semitic; Egyptian; Berber; Chadic (WCh, CCh, ECh); Omotic	4	2026-10-03	1666 *les- “tongue”	chosen by A4.1 tie-breakers: gloss is the slot meaning alone, 5 branches, entry order | 3 other qualifying entries compared by the tie-breakers (branches read on the page image): #81 (2), #2248 (2), #2252 (2) | found by the Index of Meanings and an OCR heading search (A6 rule 9); heading and reflex lines read on the page image
7	blood	lexical	*dam-	*dam-	Hamito-Semitic	blood	exact	cited:Orel & Stolbova 1995 (HSED), no. 639, p. 147; https://archive.org/details/vladimir-e.-orel-olga-v.-stolbova-hamito-semitic-etymological-dictionary-materia/page/n92	Semitic; Berber; Chadic (WCh); Omotic	3	2026-10-03	639 *dam- “blood”	chosen by A4.1 tie-breakers: gloss is the slot meaning alone, 4 branches, entry order | 2 other qualifying entries compared by the tie-breakers (branches read on the page image): #258 (2), #2626 (2) | found by the Index of Meanings and an OCR heading search (A6 rule 9); heading and reflex lines read on the page image
8	bone	lexical	*ḳas-	*ḳas-	Hamito-Semitic	bone	exact	cited:Orel & Stolbova 1995 (HSED), no. 1557, p. 338; https://archive.org/details/vladimir-e.-orel-olga-v.-stolbova-hamito-semitic-etymological-dictionary-materia/page/n188	Egyptian; Berber; Chadic (WCh, ECh); Cushitic (LEC); Omotic	5	2026-10-03	1557 *ḳas- “bone”	chosen by A4.1 tie-breakers: gloss is the slot meaning alone, 5 branches, entry order | 2 other qualifying entries compared by the tie-breakers (branches read on the page image): #1036 (2), #1530 (2) | also glossed with the slot meaning among other meanings, so not reached by the first tie-breaker: #773, #778 | found by the Index of Meanings and an OCR heading search (A6 rule 9); heading and reflex lines read on the page image
9	you (2sg)	morphology											grammatical item: see data/morphology.md
10	root	lexical	*ĉer-	*ĉer-	Hamito-Semitic	root	exact	cited:Orel & Stolbova 1995 (HSED), no. 551, p. 128; https://archive.org/details/vladimir-e.-orel-olga-v.-stolbova-hamito-semitic-etymological-dictionary-materia/page/n83	Semitic; Berber; Chadic (WCh, CCh, ECh); Cushitic (Agaw)	3	2026-10-03	551 *ĉer- “root”	chosen by A4.1 tie-breakers: gloss is the slot meaning alone, 4 branches, entry order | found by the Index of Meanings and an OCR heading search (A6 rule 9); heading and reflex lines read on the page image
11	to come	lexical	*ˀas-	*ˀas-	Hamito-Semitic	come	exact	cited:Orel & Stolbova 1995 (HSED), no. 59, p. 17; https://archive.org/details/vladimir-e.-orel-olga-v.-stolbova-hamito-semitic-etymological-dictionary-materia/page/n27	Berber; Chadic (WCh, ECh); Cushitic (Wrz)	3	2026-10-03	59 *ˀas- “come”	the Berber reflex is glossed 'arrive', the Werizoid one 'go' | chosen by A4.1 tie-breakers: gloss is the slot meaning alone, 3 branches, entry order | 1 other qualifying entry compared by the tie-breakers (branches read on the page image): #118 (3) | also glossed with the slot meaning among other meanings, so not reached by the first tie-breaker: #63, #65, #1752, #2225, #2264, #2301, #2440, #2489, #2566, #2598, #2606, #2623 | found by the Index of Meanings and an OCR heading search (A6 rule 9); heading and reflex lines read on the page image
12	breast	lexical	*čad-/*čid-	*čad-/*čid-	Hamito-Semitic	breast	exact	cited:Orel & Stolbova 1995 (HSED), no. 462, p. 109; https://archive.org/details/vladimir-e.-orel-olga-v.-stolbova-hamito-semitic-etymological-dictionary-materia/page/n73	Semitic; Chadic (ECh)	1	2026-10-03	462 *čad-/*čid- “breast”	chosen by A4.1 tie-breakers: gloss is the slot meaning alone, 2 branches, entry order | 1 other qualifying entry compared by the tie-breakers (branches read on the page image): #2644 (2) | also glossed with the slot meaning among other meanings, so not reached by the first tie-breaker: #360, #826, #1072, #1094, #1577 | found by the Index of Meanings and an OCR heading search (A6 rule 9); heading and reflex lines read on the page image
13	rain	lexical	*ʒaw-/*ʒuw-	*ʒaw-/*ʒuw-	Hamito-Semitic	rain	exact	cited:Orel & Stolbova 1995 (HSED), no. 2614, p. 544; https://archive.org/details/vladimir-e.-orel-olga-v.-stolbova-hamito-semitic-etymological-dictionary-materia/page/n291	Egyptian; Chadic (WCh, ECh); Cushitic (Agaw)	3	2026-10-03	2614 *ʒaw-/*ʒuw- “rain”	the Egyptian reflex is glossed 'kind of pool', the East Chadic one 'rain' (v.); the West Chadic and Agaw ones are nouns | chosen by A4.1 tie-breakers: gloss is the slot meaning alone, 3 branches, entry order | 4 other qualifying entries compared by the tie-breakers (branches read on the page image): #285 (2), #518 (2), #1973 (2), #2079 (2) | also glossed with the slot meaning among other meanings, so not reached by the first tie-breaker: #314, #326, #479, #678, #711, #1733, #2470 | excluded by part of speech (A6 rule 3): #588 'flow, rain' (HSED tags the gloss (v.): verb); #1303 'rain' (HSED tags the gloss (v.): verb); #2563 'rain, pour' ('rain, pour': verb) | found by the Index of Meanings and an OCR heading search (A6 rule 9); heading and reflex lines read on the page image
14	I (1sg)	morphology											grammatical item: see data/morphology.md
15	name	lexical	*süm-	*süm-	Hamito-Semitic	name	exact	cited:Orel & Stolbova 1995 (HSED), no. 2304, p. 485; https://archive.org/details/vladimir-e.-orel-olga-v.-stolbova-hamito-semitic-etymological-dictionary-materia/page/n261	Semitic; Chadic (WCh, CCh, ECh)	1	2026-10-03	2304 *süm- “name”	chosen by A4.1 tie-breakers: gloss is the slot meaning alone, 2 branches, entry order | also glossed with the slot meaning among other meanings, so not reached by the first tie-breaker: #1822 | found by the Index of Meanings and an OCR heading search (A6 rule 9); heading and reflex lines read on the page image
16	louse	lexical	*ˀi(n)t-	*ˀi(n)t-	Hamito-Semitic	louse	exact	cited:Orel & Stolbova 1995 (HSED), no. 111, p. 29; https://archive.org/details/vladimir-e.-orel-olga-v.-stolbova-hamito-semitic-etymological-dictionary-materia/page/n33	Chadic (ECh); Cushitic (Agaw, Dhl, Rift)	2	2026-10-03	111 *ˀi(n)t- “louse”	chosen by A4.1 tie-breakers: gloss is the slot meaning alone, 2 branches, entry order | found by the Index of Meanings and an OCR heading search (A6 rule 9); heading and reflex lines read on the page image
17	wing	lexical	*čabaḫ-	*čabaḫ-	Hamito-Semitic	wing	exact	cited:Orel & Stolbova 1995 (HSED), no. 460, p. 109; https://archive.org/details/vladimir-e.-orel-olga-v.-stolbova-hamito-semitic-etymological-dictionary-materia/page/n73	Egyptian; Chadic (WCh)	2	2026-10-03	460 *čabaḫ- “wing”	chosen by A4.1 tie-breakers: gloss is the slot meaning alone, 2 branches, entry order | 1 other qualifying entry compared by the tie-breakers (branches read on the page image): #1426 (2) | also glossed with the slot meaning among other meanings, so not reached by the first tie-breaker: #205, #954, #1238, #2324 | found by the Index of Meanings and an OCR heading search (A6 rule 9); heading and reflex lines read on the page image
18	flesh/meat	lexical	*ĉaˀ-	*ĉaˀ-	Hamito-Semitic	meat	exact	cited:Orel & Stolbova 1995 (HSED), no. 517, p. 121; https://archive.org/details/vladimir-e.-orel-olga-v.-stolbova-hamito-semitic-etymological-dictionary-materia/page/n79	Semitic; Berber; Chadic (WCh, CCh, ECh); Cushitic (LEC, Rift); Omotic	4	2026-10-03	517 *ĉaˀ- “meat”	the Semitic reflex is glossed 'sheep'; on the Rift reflex 'body': 'Semantic development is not quite reliable' | chosen by A4.1 tie-breakers: gloss is the slot meaning alone, 5 branches, entry order | 2 other qualifying entries compared by the tie-breakers (branches read on the page image): #13 (3), #133 (2) | also glossed with the slot meaning among other meanings, so not reached by the first tie-breaker: #128, #1508, #1642, #2597, #2622 | found by the Index of Meanings and an OCR heading search (A6 rule 9); heading and reflex lines read on the page image
19	arm/hand	lexical	*gabaˀ-	*gabaˀ-	Hamito-Semitic	hand, arm	exact	cited:Orel & Stolbova 1995 (HSED), no. 859, p. 194; https://archive.org/details/vladimir-e.-orel-olga-v.-stolbova-hamito-semitic-etymological-dictionary-materia/page/n116	Egyptian; Chadic (WCh); Cushitic (SA)	3	2026-10-03	859 *gabaˀ- “hand, arm”	the West Chadic reflex is glossed 'joint, limb' | chosen by A4.1 tie-breakers: gloss is the slot meaning alone, 3 branches, entry order | 11 other qualifying entries compared by the tie-breakers (branches read on the page image): #1974 (3), #33 (2), #211 (2), #916 (2), #1040 (2), #1242 (2), #1246 (2), #1428 (2), #1933 (2), #2091 (2), #2349 (2) | also glossed with the slot meaning among other meanings, so not reached by the first tie-breaker: #1238 | found by the Index of Meanings and an OCR heading search (A6 rule 9); heading and reflex lines read on the page image
20	fly (insect)	lexical	*ǯa(m)b-	*ǯa(m)b-	Hamito-Semitic	fly	exact	cited:Orel & Stolbova 1995 (HSED), no. 2652, p. 551; https://archive.org/details/vladimir-e.-orel-olga-v.-stolbova-hamito-semitic-etymological-dictionary-materia/page/n294	Semitic; Berber; Chadic (WCh, CCh)	2	2026-10-03	2652 *ǯa(m)b- “fly” (n.)	HSED tags the heading gloss (n.) | chosen by A4.1 tie-breakers: gloss is the slot meaning alone, 3 branches, entry order | 4 other qualifying entries compared by the tie-breakers (branches read on the page image): #2653 (3), #721 (2), #1325 (2), #1536 (2) | also glossed with the slot meaning among other meanings, so not reached by the first tie-breaker: #2357, #2662 | excluded by part of speech (A6 rule 3): #219 'fly' (HSED tags the gloss (v.): verb); #1260 'fly' (HSED tags the gloss (v.): verb); #1523 'move upwards, fly' ('move upwards, fly': verb); #1911 'fly, jump' ('fly, jump': verb); #1981 'fly, soar' ('fly, soar': verb); #2451 'fly' (HSED tags the gloss (v.): verb); #2613 'fly' (HSED tags the gloss (v.): verb) | found by the Index of Meanings and an OCR heading search (A6 rule 9); heading and reflex lines read on the page image
21	night	lexical	*dugan-	*dugan-	Hamito-Semitic	darkness, night	exact	cited:Orel & Stolbova 1995 (HSED), no. 737, p. 168; https://archive.org/details/vladimir-e.-orel-olga-v.-stolbova-hamito-semitic-etymological-dictionary-materia/page/n103	Semitic; Chadic (ECh); Cushitic (LEC, HEC)	2	2026-10-03	737 *dugan- “darkness, night”	the Semitic and Cushitic reflexes are glossed 'darkness', the East Chadic one 'at night' | chosen by A4.1 tie-breakers: no qualifying entry glossed with the slot meaning alone, 3 branches, entry order | 1 other qualifying entry compared by the tie-breakers (branches read on the page image): #2261 (2) | found by the Index of Meanings and an OCR heading search (A6 rule 9); heading and reflex lines read on the page image
22	ear	lexical	*ˀudun-/*ˀuǯun-	*ˀudun-/*ˀuǯun-	Hamito-Semitic	ear	exact	cited:Orel & Stolbova 1995 (HSED), no. 126, p. 32; https://archive.org/details/vladimir-e.-orel-olga-v.-stolbova-hamito-semitic-etymological-dictionary-materia/page/n35	Semitic; Egyptian; Chadic (ECh)	2	2026-10-03	126 *ˀudun-/*ˀuǯun- “ear”	chosen by A4.1 tie-breakers: gloss is the slot meaning alone, 3 branches, entry order | 1 other qualifying entry compared by the tie-breakers (branches read on the page image): #2452 (2) | also glossed with the slot meaning among other meanings, so not reached by the first tie-breaker: #2245 | found by the Index of Meanings and an OCR heading search (A6 rule 9); heading and reflex lines read on the page image
23	neck	lexical	*bVᶜon-	*bVᶜon-	Hamito-Semitic	neck	exact	cited:Orel & Stolbova 1995 (HSED), no. 363, p. 88; https://archive.org/details/vladimir-e.-orel-olga-v.-stolbova-hamito-semitic-etymological-dictionary-materia/page/n63	Egyptian; Chadic (WCh)	2	2026-10-03	363 *bVᶜon- “neck”	chosen by A4.1 tie-breakers: gloss is the slot meaning alone, 2 branches, entry order | 2 other qualifying entries compared by the tie-breakers (branches read on the page image): #508 (2), #924 (2) | also glossed with the slot meaning among other meanings, so not reached by the first tie-breaker: #960, #1639, #2398, #2587 | found by the Index of Meanings and an OCR heading search (A6 rule 9); heading and reflex lines read on the page image
24	far	lexical											no entry meets A4.1 for this meaning | slot word only inside another meaning: #780 'far- **equid' | found by the Index of Meanings and an OCR heading search (A6 rule 9)
25	to do/make	lexical	*ᶜiĉ-	*ᶜiĉ-	Hamito-Semitic	do, make	exact	cited:Orel & Stolbova 1995 (HSED), no. 1097, p. 246; https://archive.org/details/vladimir-e.-orel-olga-v.-stolbova-hamito-semitic-etymological-dictionary-materia/page/n142	Semitic; Chadic (ECh); Cushitic (Agaw, SA, HEC, Rift)	2	2026-10-03	1097 *ᶜiĉ- “do, make”	'Rift may be borrowed from one of Cush branches.' | chosen by A4.1 tie-breakers: gloss is the slot meaning alone, 3 branches, entry order | 2 other qualifying entries compared by the tie-breakers (branches read on the page image): #1355 (2), #2167 (2) | also glossed with the slot meaning among other meanings, so not reached by the first tie-breaker: #1137, #1140, #2022, #2077 | found by the Index of Meanings and an OCR heading search (A6 rule 9); heading and reflex lines read on the page image
26	house	lexical	*gud-	*gud-	Hamito-Semitic	house	exact	cited:Orel & Stolbova 1995 (HSED), no. 973, p. 219; https://archive.org/details/vladimir-e.-orel-olga-v.-stolbova-hamito-semitic-etymological-dictionary-materia/page/n128	Semitic; Chadic (CCh); Cushitic (LEC, Wrz, HEC)	2	2026-10-03	973 *gud- “house”	the Semitic reflex is glossed 'djedda, town'; 'Tgy gʷada, Amh gʷada are borrowed from Cush.' | chosen by A4.1 tie-breakers: gloss is the slot meaning alone, 3 branches, entry order | 12 other qualifying entries compared by the tie-breakers (branches read on the page image): #1415 (3), #1430 (3), #1564 (3), #1723 (3), #253 (2), #480 (2), #1326 (2), #1488 (2), #1732 (2), #2146 (2), #2200 (2), #2590 (2) | also glossed with the slot meaning among other meanings, so not reached by the first tie-breaker: #5, #244, #592, #956, #984, #1586, #1589, #1599, #1695, #1749, #1949, #2058, #2059, #2342, #2565 | found by the Index of Meanings and an OCR heading search (A6 rule 9); heading and reflex lines read on the page image
27	stone/rock	lexical	*daḫ-	*daḫ-	Hamito-Semitic	stone	exact	cited:Orel & Stolbova 1995 (HSED), no. 629, p. 145; https://archive.org/details/vladimir-e.-orel-olga-v.-stolbova-hamito-semitic-etymological-dictionary-materia/page/n91	Egyptian; Berber; Chadic (WCh, ECh)	3	2026-10-03	629 *daḫ- “stone”	chosen by A4.1 tie-breakers: gloss is the slot meaning alone, 3 branches, entry order | 7 other qualifying entries compared by the tie-breakers (branches read on the page image): #209 (2), #680 (2), #1001 (2), #1073 (2), #1220 (2), #1367 (2), #1758 (2) | also glossed with the slot meaning among other meanings, so not reached by the first tie-breaker: #9, #428, #935, #1057, #1123 | found by the Index of Meanings and an OCR heading search (A6 rule 9); heading and reflex lines read on the page image
28	bitter	lexical											no entry meets A4.1 for this meaning | slot word only inside another meaning: #580 'be bitter'; #1050 'be bitter' | found by the Index of Meanings and an OCR heading search (A6 rule 9)
29	to say	lexical	*ˀan-	*ˀan-	Hamito-Semitic	speak	permitted-shift	cited:Orel & Stolbova 1995 (HSED), no. 40, p. 12; https://archive.org/details/vladimir-e.-orel-olga-v.-stolbova-hamito-semitic-etymological-dictionary-materia/page/n25	Berber; Chadic (WCh, ECh); Cushitic (Bed)	3	2026-10-03	40 *ˀan- “speak”	Semitic named only in the closing note ("Related to Sem *ˀVn- 'moan' …?"), not counted | chosen by A4.1 tie-breakers: gloss is the slot meaning alone, 3 branches, entry order | 13 other qualifying entries compared by the tie-breakers (branches read on the page image): #242 (3), #732 (3), #911 (3), #1169 (3), #1541 (3), #1788 (3), #556 (2), #1307 (2), #1638 (2), #2142 (2), #2362 (2), #2442 (2), #2535 (2) | also glossed with the slot meaning among other meanings, so not reached by the first tie-breaker: #392, #425, #433, #461, #483, #696, #724, #800, #1400, #1492, #1528, #1547, #1590, #1648, #1762, #1814, #1822, #1825, #1893, #2044, #2098, #2233, #2244, #2277, #2365, #2382, #2410, #2485, #2534, #2564 | found by the Index of Meanings and an OCR heading search (A6 rule 9); heading and reflex lines read on the page image
30	tooth	lexical	*ˀic-	*ˀic-	Hamito-Semitic	tooth	exact	cited:Orel & Stolbova 1995 (HSED), no. 91, p. 24; https://archive.org/details/vladimir-e.-orel-olga-v.-stolbova-hamito-semitic-etymological-dictionary-materia/page/n31	Chadic (WCh); Cushitic (HEC); Omotic	3	2026-10-03	91 *ˀic- “tooth”	chosen by A4.1 tie-breakers: gloss is the slot meaning alone, 3 branches, entry order | 5 other qualifying entries compared by the tie-breakers (branches read on the page image): #2250 (3), #1235 (2), #1484 (2), #2070 (2), #2456 (2) | found by the Index of Meanings and an OCR heading search (A6 rule 9); heading and reflex lines read on the page image
31	hair	lexical	*ĉaᶜop-	*ĉaᶜop-	Hamito-Semitic	hair	exact	cited:Orel & Stolbova 1995 (HSED), no. 529, p. 124; https://archive.org/details/vladimir-e.-orel-olga-v.-stolbova-hamito-semitic-etymological-dictionary-materia/page/n81	Semitic; Berber; Chadic (WCh); Cushitic (LEC, HEC)	3	2026-10-03	529 *ĉaᶜop- “hair”	on the High East Cushitic reflex: 'LEC loanword?' | chosen by A4.1 tie-breakers: gloss is the slot meaning alone, 4 branches, entry order | 8 other qualifying entries compared by the tie-breakers (branches read on the page image): #2280 (4), #452 (3), #528 (3), #2211 (3), #415 (2), #2123 (2), #2150 (2), #2158 (2) | also glossed with the slot meaning among other meanings, so not reached by the first tie-breaker: #2602 | found by the Index of Meanings and an OCR heading search (A6 rule 9); heading and reflex lines read on the page image
32	big	lexical	*lüm-	*lüm-	Hamito-Semitic	big, many	exact	cited:Orel & Stolbova 1995 (HSED), no. 1692, p. 366; https://archive.org/details/vladimir-e.-orel-olga-v.-stolbova-hamito-semitic-etymological-dictionary-materia/page/n202	Semitic; Chadic (WCh); Cushitic (HEC)	2	2026-10-03	1692 *lüm- “big, many”	the Semitic reflex is glossed 'thousand', the West Chadic one 'in quantity' | chosen by A4.1 tie-breakers: no qualifying entry glossed with the slot meaning alone, 3 branches, entry order | found by the Index of Meanings and an OCR heading search (A6 rule 9); heading and reflex lines read on the page image
33	one	lexical											no entry meets A4.1 for this meaning | HSED excludes numerals, pronouns, prepositions and particles (p. XXVII; A6 rule 10) | found by the Index of Meanings and an OCR heading search (A6 rule 9)
34	who?	lexical											no entry meets A4.1 for this meaning | HSED excludes numerals, pronouns, prepositions and particles (p. XXVII; A6 rule 10) | found by the Index of Meanings and an OCR heading search (A6 rule 9)
35	he/she (3sg)	morphology											grammatical item: see data/morphology.md
36	to hit/beat	lexical	*qurap-	*qurap-	Hamito-Semitic	beat	exact	cited:Orel & Stolbova 1995 (HSED), no. 2051, p. 437; https://archive.org/details/vladimir-e.-orel-olga-v.-stolbova-hamito-semitic-etymological-dictionary-materia/page/n237	Semitic; Chadic (WCh, ECh)	1	2026-10-03	2051 *qurap- “beat”	the reflexes are glossed 'strike back', 'whipping', 'kick, trample' | chosen by A4.1 tie-breakers: gloss is the slot meaning alone, 2 branches, entry order | 1 other qualifying entry compared by the tie-breakers (branches read on the page image): #2289 (2) | also glossed with the slot meaning among other meanings, so not reached by the first tie-breaker: #605, #633, #674, #719, #725, #733, #770, #1309, #1516, #1613, #2416, #2421, #2436 | found by the Index of Meanings and an OCR heading search (A6 rule 9); heading and reflex lines read on the page image
37	leg/foot	lexical	*cin-/*cun-	*cin-/*cun-	Hamito-Semitic	leg	exact	cited:Orel & Stolbova 1995 (HSED), no. 396, p. 95; https://archive.org/details/vladimir-e.-orel-olga-v.-stolbova-hamito-semitic-etymological-dictionary-materia/page/n66	Semitic; Egyptian; Cushitic (Agaw)	2	2026-10-03	396 *cin-/*cun- “leg”	the Semitic reflex is glossed 'lap, crotch', the Agaw one 'calf' | chosen by A4.1 tie-breakers: gloss is the slot meaning alone, 3 branches, entry order | 13 other qualifying entries compared by the tie-breakers (branches read on the page image): #1696 (3), #2060 (3), #11 (2), #190 (2), #519 (2), #891 (2), #1031 (2), #1449 (2), #2113 (2), #2179 (2), #2290 (2), #2506 (2), #2568 (2) | also glossed with the slot meaning among other meanings, so not reached by the first tie-breaker: #773, #778, #828, #1928, #1931, #2083, #2347 | found by the Index of Meanings and an OCR heading search (A6 rule 9); heading and reflex lines read on the page image
38	horn	lexical	*ḳar-	*ḳar-	Hamito-Semitic	horn	exact	cited:Orel & Stolbova 1995 (HSED), no. 1549, p. 337; https://archive.org/details/vladimir-e.-orel-olga-v.-stolbova-hamito-semitic-etymological-dictionary-materia/page/n187	Semitic; Egyptian; Omotic	2	2026-10-03	1549 *ḳar- “horn”	chosen by A4.1 tie-breakers: gloss is the slot meaning alone, 3 branches, entry order | 2 other qualifying entries compared by the tie-breakers (branches read on the page image): #192 (2), #730 (2) | found by the Index of Meanings and an OCR heading search (A6 rule 9); heading and reflex lines read on the page image
39	this	lexical											no entry meets A4.1 for this meaning | HSED excludes numerals, pronouns, prepositions and particles (p. XXVII; A6 rule 10) | found by the Index of Meanings and an OCR heading search (A6 rule 9)
40	fish	lexical	*ᶜaǯ-	*ᶜaǯ-	Hamito-Semitic	fish	exact	cited:Orel & Stolbova 1995 (HSED), no. 1085, p. 243; https://archive.org/details/vladimir-e.-orel-olga-v.-stolbova-hamito-semitic-etymological-dictionary-materia/page/n140	Egyptian; Chadic (ECh); Cushitic (Agaw, SA)	3	2026-10-03	1085 *ᶜaǯ- “fish”	the East Chadic reflex is glossed 'sardine'; the Egyptian one 'kind of fish'. #2061 *q̇ar- 'fish' (Eg, WCh, LEC, Wrz) would tie at 3 branches and come later; its Omotic line is labelled 'Ome' (Ometo), not 'Omot', and is not counted under A6 rule 4 as written. Counting it would give #2061 four branches, and #2061 would fill the slot | chosen by A4.1 tie-breakers: gloss is the slot meaning alone, 3 branches, entry order | 11 other qualifying entries compared by the tie-breakers (branches read on the page image): #1663 (3), #2061 (3), #138 (2), #317 (2), #963 (2), #968 (2), #1044 (2), #1117 (2), #1211 (2), #1494 (2), #2430 (2) | excluded by part of speech (A6 rule 3): #2512 'fish, catch' ('fish, catch': verb) | found by the Index of Meanings and an OCR heading search (A6 rule 9); heading and reflex lines read on the page image
41	yesterday	lexical											no entry meets A4.1 for this meaning | found by the Index of Meanings and an OCR heading search (A6 rule 9)
42	to drink	lexical	*coˀab-	*coˀab-	Hamito-Semitic	drink	exact	cited:Orel & Stolbova 1995 (HSED), no. 403, p. 96; https://archive.org/details/vladimir-e.-orel-olga-v.-stolbova-hamito-semitic-etymological-dictionary-materia/page/n67	Semitic; Chadic (CCh, ECh)	1	2026-10-03	403 *coˀab- “drink”	the Central Chadic reflex is glossed 'suck' | chosen by A4.1 tie-breakers: gloss is the slot meaning alone, 2 branches, entry order | 3 other qualifying entries compared by the tie-breakers (branches read on the page image): #1027 (2), #1300 (2), #2205 (2) | also glossed with the slot meaning among other meanings, so not reached by the first tie-breaker: #303, #1063, #1790, #2220, #2670 | found by the Index of Meanings and an OCR heading search (A6 rule 9); heading and reflex lines read on the page image
43	black	lexical											no entry meets A4.1 for this meaning | slot word only inside another meaning: #999 'be black'; #1232 'be black'; #1496 'be black'; #2515 'be dark, be black' | found by the Index of Meanings and an OCR heading search (A6 rule 9)
44	navel	lexical	*ti(m)b-	*ti(m)b-	Hamito-Semitic	navel	exact	cited:Orel & Stolbova 1995 (HSED), no. 2400, p. 503; https://archive.org/details/vladimir-e.-orel-olga-v.-stolbova-hamito-semitic-etymological-dictionary-materia/page/n270	Chadic (WCh); Cushitic (Agaw)	2	2026-10-03	2400 *ti(m)b- “navel”	Beja and ECh named only after 'Cf.', not counted | chosen by A4.1 tie-breakers: gloss is the slot meaning alone, 2 branches, entry order | also glossed with the slot meaning among other meanings, so not reached by the first tie-breaker: #1071 | found by the Index of Meanings and an OCR heading search (A6 rule 9); heading and reflex lines read on the page image
45	to stand	lexical											no entry meets A4.1 for this meaning | slot word only inside another meaning: #728 'stand up'; #2147 'climb, stand up'; #2495 'stand up' | found by the Index of Meanings and an OCR heading search (A6 rule 9)
46	to bite	lexical	*kič-	*kič-	Hamito-Semitic	bite	exact	cited:Orel & Stolbova 1995 (HSED), no. 1453, p. 317; https://archive.org/details/vladimir-e.-orel-olga-v.-stolbova-hamito-semitic-etymological-dictionary-materia/page/n177	Semitic; Berber; Cushitic (HEC)	2	2026-10-03	1453 *kič- “bite”	chosen by A4.1 tie-breakers: gloss is the slot meaning alone, 3 branches, entry order | 1 other qualifying entry compared by the tie-breakers (branches read on the page image): #1039 (2) | also glossed with the slot meaning among other meanings, so not reached by the first tie-breaker: #32, #1611, #1623 | found by the Index of Meanings and an OCR heading search (A6 rule 9); heading and reflex lines read on the page image
47	back	lexical	*yiˀ-	*yiˀ-	Hamito-Semitic	back	exact	cited:Orel & Stolbova 1995 (HSED), no. 2589, p. 539; https://archive.org/details/vladimir-e.-orel-olga-v.-stolbova-hamito-semitic-etymological-dictionary-materia/page/n288	Egyptian; Chadic (CCh); Cushitic (Agaw)	3	2026-10-03	2589 *yiˀ- “back”	the Agaw reflex is glossed 'small of the back, waist' | chosen by A4.1 tie-breakers: gloss is the slot meaning alone, 3 branches, entry order | 6 other qualifying entries compared by the tie-breakers (branches read on the page image): #2649 (3), #691 (2), #955 (2), #1159 (2), #1437 (2), #2265 (2) | also glossed with the slot meaning among other meanings, so not reached by the first tie-breaker: #251, #731 | found by the Index of Meanings and an OCR heading search (A6 rule 9); heading and reflex lines read on the page image
48	wind	lexical	*bar-	*bar-	Hamito-Semitic	wind	exact	cited:Orel & Stolbova 1995 (HSED), no. 220, p. 55; https://archive.org/details/vladimir-e.-orel-olga-v.-stolbova-hamito-semitic-etymological-dictionary-materia/page/n46	Semitic; Chadic (CCh, ECh)	1	2026-10-03	220 *bar- “wind”	the Semitic reflex is glossed 'hot wind', with 'Based on *bar-?' | chosen by A4.1 tie-breakers: gloss is the slot meaning alone, 2 branches, entry order | 7 other qualifying entries compared by the tie-breakers (branches read on the page image): #1448 (2), #1707 (2), #1714 (2), #2141 (2), #2169 (2), #2202 (2), #2333 (2) | also glossed with the slot meaning among other meanings, so not reached by the first tie-breaker: #509, #1299 | found by the Index of Meanings and an OCR heading search (A6 rule 9); heading and reflex lines read on the page image
49	smoke	lexical	*daḫ-	*daḫ-	Hamito-Semitic	smoke	exact	cited:Orel & Stolbova 1995 (HSED), no. 630, p. 145; https://archive.org/details/vladimir-e.-orel-olga-v.-stolbova-hamito-semitic-etymological-dictionary-materia/page/n91	Semitic; Chadic (CCh)	1	2026-10-03	630 *daḫ- “smoke”	reflexes glossed 'smoke' (noun) | chosen by A4.1 tie-breakers: gloss is the slot meaning alone, 2 branches, entry order | 1 other qualifying entry compared by the tie-breakers (branches read on the page image): #675 (2) | found by the Index of Meanings and an OCR heading search (A6 rule 9); heading and reflex lines read on the page image
50	what?	lexical											no entry meets A4.1 for this meaning | HSED excludes numerals, pronouns, prepositions and particles (p. XXVII; A6 rule 10) | found by the Index of Meanings and an OCR heading search (A6 rule 9)
51	child (kin term)	lexical	*bar-	*bar-	Hamito-Semitic	child	exact	cited:Orel & Stolbova 1995 (HSED), no. 213, p. 53; https://archive.org/details/vladimir-e.-orel-olga-v.-stolbova-hamito-semitic-etymological-dictionary-materia/page/n45	Semitic; Berber; Chadic (WCh)	2	2026-10-03	213 *bar- “child”	the Semitic and Berber reflexes are glossed 'son' | chosen by A4.1 tie-breakers: gloss is the slot meaning alone, 3 branches, entry order | 11 other qualifying entries compared by the tie-breakers (branches read on the page image): #1218 (3), #1769 (3), #73 (2), #166 (2), #589 (2), #1180 (2), #1182 (2), #1287 (2), #1764 (2), #2599 (2), #2654 (2) | also glossed with the slot meaning among other meanings, so not reached by the first tie-breaker: #1105, #1195, #1450, #2520 | found by the Index of Meanings and an OCR heading search (A6 rule 9); heading and reflex lines read on the page image
52	egg	lexical	*kin-	*kin-	Hamito-Semitic	egg	exact	cited:Orel & Stolbova 1995 (HSED), no. 1458, p. 318; https://archive.org/details/vladimir-e.-orel-olga-v.-stolbova-hamito-semitic-etymological-dictionary-materia/page/n178	Semitic; Chadic (WCh); Cushitic (LEC)	2	2026-10-03	1458 *kin- “egg”	the Semitic reflex is a verb 'lay eggs'; Rift named only in the closing note, 'doubtful', not counted | chosen by A4.1 tie-breakers: gloss is the slot meaning alone, 3 branches, entry order | 6 other qualifying entries compared by the tie-breakers (branches read on the page image): #354 (2), #881 (2), #1471 (2), #1525 (2), #1580 (2), #2210 (2) | found by the Index of Meanings and an OCR heading search (A6 rule 9); heading and reflex lines read on the page image
53	to give	lexical	*barVᶜ-	*barVᶜ-	Hamito-Semitic	give	exact	cited:Orel & Stolbova 1995 (HSED), no. 233, p. 59; https://archive.org/details/vladimir-e.-orel-olga-v.-stolbova-hamito-semitic-etymological-dictionary-materia/page/n48	Semitic; Chadic (WCh, CCh, ECh)	1	2026-10-03	233 *barVᶜ- “give”	chosen by A4.1 tie-breakers: gloss is the slot meaning alone, 2 branches, entry order | 3 other qualifying entries compared by the tie-breakers (branches read on the page image): #882 (2), #1129 (2), #1798 (2) | also glossed with the slot meaning among other meanings, so not reached by the first tie-breaker: #1076, #1183 | found by the Index of Meanings and an OCR heading search (A6 rule 9); heading and reflex lines read on the page image
54	new	lexical											no entry meets A4.1 for this meaning | slot word only inside another meaning: #1778 'be new' | found by the Index of Meanings and an OCR heading search (A6 rule 9)
55	to burn (intr.)	lexical	*biᶜar-	*biᶜar-	Hamito-Semitic	burn	exact	cited:Orel & Stolbova 1995 (HSED), no. 282, p. 71; https://archive.org/details/vladimir-e.-orel-olga-v.-stolbova-hamito-semitic-etymological-dictionary-materia/page/n54	Semitic; Chadic (WCh, CCh, ECh); Cushitic (Agaw)	2	2026-10-03	282 *biᶜar- “burn”	the heading gloss 'burn' does not say whether it is intransitive; the Semitic reflex is glossed 'burn (tr. and intr.)' | chosen by A4.1 tie-breakers: gloss is the slot meaning alone, 3 branches, entry order | the heading gloss 'burn' does not say whether it is intransitive | 8 other qualifying entries compared by the tie-breakers (branches read on the page image): #1670 (3), #2062 (3), #2507 (3), #129 (2), #459 (2), #971 (2), #1118 (2), #2001 (2) | also glossed with the slot meaning among other meanings, so not reached by the first tie-breaker: #72, #137, #189, #353, #819, #1184, #1404, #1553, #1584, #1606, #2125, #2152, #2172, #2271, #2328, #2417, #2487, #2528, #2579 | found by the Index of Meanings and an OCR heading search (A6 rule 9); heading and reflex lines read on the page image
56	not	morphology											grammatical item: see data/morphology.md
57	good	lexical											no entry meets A4.1 for this meaning | slot word only inside another meaning: #104 '(be) good'; #191 'be good'; #806 'be good'; #1394 'be good'; #1816 'be good' | found by the Index of Meanings and an OCR heading search (A6 rule 9)
58	to know	lexical	*car-	*car-	Hamito-Semitic	know	exact	cited:Orel & Stolbova 1995 (HSED), no. 387, p. 93; https://archive.org/details/vladimir-e.-orel-olga-v.-stolbova-hamito-semitic-etymological-dictionary-materia/page/n65	Semitic; Egyptian; Chadic (CCh)	2	2026-10-03	387 *car- “know”	the Semitic reflex is glossed 'remind', 'teach, instruct' | chosen by A4.1 tie-breakers: gloss is the slot meaning alone, 3 branches, entry order | 1 other qualifying entry compared by the tie-breakers (branches read on the page image): #2294 (3) | also glossed with the slot meaning among other meanings, so not reached by the first tie-breaker: #37, #75, #275, #378, #504, #505, #618, #622, #1056, #1103, #1444, #1721, #1753, #2198, #2295, #2573 | found by the Index of Meanings and an OCR heading search (A6 rule 9); heading and reflex lines read on the page image
59	knee	lexical	*gup-/*gump-	*gup-/*gump-	Hamito-Semitic	knee	exact	cited:Orel & Stolbova 1995 (HSED), no. 983, p. 222; https://archive.org/details/vladimir-e.-orel-olga-v.-stolbova-hamito-semitic-etymological-dictionary-materia/page/n130	Chadic (ECh); Cushitic (Bed); Omotic	3	2026-10-03	983 *gup-/*gump- “knee”	HEC named only after 'Cf.', not counted; 'A very difficult case.' | chosen by A4.1 tie-breakers: gloss is the slot meaning alone, 3 branches, entry order | 4 other qualifying entries compared by the tie-breakers (branches read on the page image): #993 (3), #1573 (3), #962 (2), #2018 (2) | also glossed with the slot meaning among other meanings, so not reached by the first tie-breaker: #2133 | found by the Index of Meanings and an OCR heading search (A6 rule 9); heading and reflex lines read on the page image
60	sand	lexical	*q̇ac̣-/*q̇VwVc̣-	*q̇ac̣-/*q̇VwVc̣-	Hamito-Semitic	sand	exact	cited:Orel & Stolbova 1995 (HSED), no. 2055, p. 437; https://archive.org/details/vladimir-e.-orel-olga-v.-stolbova-hamito-semitic-etymological-dictionary-materia/page/n237	Semitic; Chadic (WCh); Cushitic (Agaw); Omotic	3	2026-10-03	2055 *q̇ac̣-/*q̇VwVc̣- “sand”	Rift named only after 'Cf.', not counted | chosen by A4.1 tie-breakers: gloss is the slot meaning alone, 4 branches, entry order | 3 other qualifying entries compared by the tie-breakers (branches read on the page image): #420 (2), #547 (2), #1858 (2) | also glossed with the slot meaning among other meanings, so not reached by the first tie-breaker: #321, #337, #634, #816, #1048, #1537, #2426, #2667 | found by the Index of Meanings and an OCR heading search (A6 rule 9); heading and reflex lines read on the page image
61	to laugh	lexical											no entry meets A4.1 for this meaning | found by the Index of Meanings and an OCR heading search (A6 rule 9)
62	to hear	lexical	*sim-/*simaᶜ-	*sim-/*simaᶜ-	Hamito-Semitic	hear; ear	exact	cited:Orel & Stolbova 1995 (HSED), no. 2245, p. 474; https://archive.org/details/vladimir-e.-orel-olga-v.-stolbova-hamito-semitic-etymological-dictionary-materia/page/n256	Semitic; Egyptian; Chadic (CCh, ECh)	2	2026-10-03	2245 *sim-/*simaᶜ- “hear; ear”	the ';' separates a verb meaning from a noun meaning (p. XXV); only the Semitic reflex is glossed 'hear', the Egyptian and Chadic ones 'ear(s)' | chosen by A4.1 tie-breakers: no qualifying entry glossed with the slot meaning alone, 3 branches, entry order | 1 other qualifying entry compared by the tie-breakers (branches read on the page image): #1753 (2) | found by the Index of Meanings and an OCR heading search (A6 rule 9); heading and reflex lines read on the page image
63	soil	lexical	*gud-	*gud-	Hamito-Semitic	soil	exact	cited:Orel & Stolbova 1995 (HSED), no. 975, p. 220; https://archive.org/details/vladimir-e.-orel-olga-v.-stolbova-hamito-semitic-etymological-dictionary-materia/page/n129	Semitic; Chadic (ECh); Cushitic (Dhl)	2	2026-10-03	975 *gud- “soil”	the Dahalo reflex is glossed 'land' | chosen by A4.1 tie-breakers: gloss is the slot meaning alone, 3 branches, entry order | 4 other qualifying entries compared by the tie-breakers (branches read on the page image): #54 (2), #1429 (2), #1452 (2), #2386 (2) | also glossed with the slot meaning among other meanings, so not reached by the first tie-breaker: #16, #321, #337, #385, #779, #857, #1054, #1222, #1537, #1939, #2121, #2249, #2426, #2472, #2591 | found by the Index of Meanings and an OCR heading search (A6 rule 9); heading and reflex lines read on the page image
64	leaf	lexical	*ᶜabül-	*ᶜabül-	Hamito-Semitic	leaf	exact	cited:Orel & Stolbova 1995 (HSED), no. 1030, p. 232; https://archive.org/details/vladimir-e.-orel-olga-v.-stolbova-hamito-semitic-etymological-dictionary-materia/page/n135	Semitic; Chadic (CCh); Cushitic (LEC)	2	2026-10-03	1030 *ᶜabül- “leaf”	the Semitic reflex is a denominative verb 'fall (of leaves)'; WCh and ECh named only after 'Cf.', not counted | chosen by A4.1 tie-breakers: gloss is the slot meaning alone, 3 branches, entry order | 2 other qualifying entries compared by the tie-breakers (branches read on the page image): #540 (2), #1059 (2) | also glossed with the slot meaning among other meanings, so not reached by the first tie-breaker: #958, #1049, #1319 | found by the Index of Meanings and an OCR heading search (A6 rule 9); heading and reflex lines read on the page image
65	red	lexical	*nes-	*nes-	Hamito-Semitic	red	exact	cited:Orel & Stolbova 1995 (HSED), no. 1859, p. 401; https://archive.org/details/vladimir-e.-orel-olga-v.-stolbova-hamito-semitic-etymological-dictionary-materia/page/n219	Egyptian; Chadic (CCh)	2	2026-10-03	1859 *nes- “red”	on the Egyptian reflex: 'i- may be a prefix' | chosen by A4.1 tie-breakers: gloss is the slot meaning alone, 2 branches, entry order | also glossed with the slot meaning among other meanings, so not reached by the first tie-breaker: #382 | found by the Index of Meanings and an OCR heading search (A6 rule 9); heading and reflex lines read on the page image
66	liver	lexical	*fal-/*ful-	*fal-/*ful-	Hamito-Semitic	liver, lungs	exact	cited:Orel & Stolbova 1995 (HSED), no. 775, p. 176; https://archive.org/details/vladimir-e.-orel-olga-v.-stolbova-hamito-semitic-etymological-dictionary-materia/page/n107	Chadic (WCh, CCh); Cushitic (HEC); Omotic	3	2026-10-03	775 *fal-/*ful- “liver, lungs”	chosen by A4.1 tie-breakers: no qualifying entry glossed with the slot meaning alone, 3 branches, entry order | 5 other qualifying entries compared by the tie-breakers (branches read on the page image): #2403 (3), #44 (2), #1227 (2), #1794 (2), #2387 (2) | found by the Index of Meanings and an OCR heading search (A6 rule 9); heading and reflex lines read on the page image
67	to hide	lexical	*dVgVy-	*dVgVy-	Hamito-Semitic	hide	exact	cited:Orel & Stolbova 1995 (HSED), no. 758, p. 173; https://archive.org/details/vladimir-e.-orel-olga-v.-stolbova-hamito-semitic-etymological-dictionary-materia/page/n105	Semitic; Egyptian	1	2026-10-03	758 *dVgVy- “hide”	'hide' alone; reflexes Sem 'cover', Eg 'hide' (MK): read as a verb (A5 rule 3) | chosen by A4.1 tie-breakers: gloss is the slot meaning alone, 2 branches, entry order | also glossed with the slot meaning among other meanings, so not reached by the first tie-breaker: #2467 | excluded by part of speech (A6 rule 3): #604 'skin, hide' ('skin, hide': noun); #699 'hide, skin' ('hide, skin': noun); #831 'hide, husk' ('hide, husk': noun); #2625 'hide, leather' ('hide, leather': noun) | found by the Index of Meanings and an OCR heading search (A6 rule 9); heading and reflex lines read on the page image
68	skin/hide	lexical	*dab-	*dab-	Hamito-Semitic	skin, hide	exact	cited:Orel & Stolbova 1995 (HSED), no. 604, p. 139; https://archive.org/details/vladimir-e.-orel-olga-v.-stolbova-hamito-semitic-etymological-dictionary-materia/page/n88	Chadic (ECh); Cushitic (Agaw, LEC); Omotic	3	2026-10-03	604 *dab- “skin, hide”	Beja named only after 'Cf.', not counted; the Omotic reflex is glossed 'clothes made of bull-hide' | chosen by A4.1 tie-breakers: gloss is the slot meaning alone, 3 branches, entry order | 10 other qualifying entries compared by the tie-breakers (branches read on the page image): #942 (3), #17 (2), #101 (2), #628 (2), #699 (2), #1007 (2), #1533 (2), #1655 (2), #1744 (2), #1964 (2) | also glossed with the slot meaning among other meanings, so not reached by the first tie-breaker: #831, #834, #838, #1608, #1935, #2625 | excluded by part of speech (A6 rule 3): #255 'tear off, skin' ('tear off, skin': verb); #698 'cut, skin' (HSED tags the gloss (v.): verb); #758 'hide' ('hide' alone; reflexes Sem 'cover', Eg 'hide' (MK): verb); #801 'skin, rub' ('skin, rub': verb); #1996 'peel, skin' (HSED tags the gloss (v.): verb); #2184 'skin' (HSED tags the gloss (v.): verb); #2467 'hide, close' ('hide, close': verb) | found by the Index of Meanings and an OCR heading search (A6 rule 9); heading and reflex lines read on the page image
69	to suck	lexical	*sim-	*sim-	Hamito-Semitic	suck	exact	cited:Orel & Stolbova 1995 (HSED), no. 2243, p. 473; https://archive.org/details/vladimir-e.-orel-olga-v.-stolbova-hamito-semitic-etymological-dictionary-materia/page/n255	Berber; Chadic (ECh); Cushitic (Rift)	3	2026-10-03	2243 *sim- “suck”	the Rift reflex is glossed 'suck in air' | chosen by A4.1 tie-breakers: gloss is the slot meaning alone, 3 branches, entry order | 1 other qualifying entry compared by the tie-breakers (branches read on the page image): #1709 (2) | also glossed with the slot meaning among other meanings, so not reached by the first tie-breaker: #1790, #1815 | found by the Index of Meanings and an OCR heading search (A6 rule 9); heading and reflex lines read on the page image
70	to carry	lexical	*goˀVy-	*goˀVy-	Hamito-Semitic	carry	exact	cited:Orel & Stolbova 1995 (HSED), no. 937, p. 212; https://archive.org/details/vladimir-e.-orel-olga-v.-stolbova-hamito-semitic-etymological-dictionary-materia/page/n125	Egyptian; Chadic (WCh)	2	2026-10-03	937 *goˀVy- “carry”	the Egyptian reflex is glossed 'bring' | chosen by A4.1 tie-breakers: gloss is the slot meaning alone, 2 branches, entry order | also glossed with the slot meaning among other meanings, so not reached by the first tie-breaker: #2638 | found by the Index of Meanings and an OCR heading search (A6 rule 9); heading and reflex lines read on the page image
71	ant	lexical	*goĉal-	*goĉal-	Hamito-Semitic	ant	exact	cited:Orel & Stolbova 1995 (HSED), no. 939, p. 212; https://archive.org/details/vladimir-e.-orel-olga-v.-stolbova-hamito-semitic-etymological-dictionary-materia/page/n125	Semitic; Chadic (WCh)	1	2026-10-03	939 *goĉal- “ant”	chosen by A4.1 tie-breakers: gloss is the slot meaning alone, 2 branches, entry order | 1 other qualifying entry compared by the tie-breakers (branches read on the page image): #941 (2) | found by the Index of Meanings and an OCR heading search (A6 rule 9); heading and reflex lines read on the page image
72	heavy	lexical											no entry meets A4.1 for this meaning | slot word only inside another meaning: #1005 'be heavy, be thick' | found by the Index of Meanings and an OCR heading search (A6 rule 9)
73	to take	lexical	*bar-	*bar-	Hamito-Semitic	take	exact	cited:Orel & Stolbova 1995 (HSED), no. 215, p. 54; https://archive.org/details/vladimir-e.-orel-olga-v.-stolbova-hamito-semitic-etymological-dictionary-materia/page/n46	Berber; Chadic (CCh); Cushitic (Bed, SA)	3	2026-10-03	215 *bar- “take”	chosen by A4.1 tie-breakers: gloss is the slot meaning alone, 3 branches, entry order | 5 other qualifying entries compared by the tie-breakers (branches read on the page image): #688 (3), #1153 (3), #25 (2), #2021 (2), #2388 (2) | also glossed with the slot meaning among other meanings, so not reached by the first tie-breaker: #1497, #1725, #1745, #2483 | found by the Index of Meanings and an OCR heading search (A6 rule 9); heading and reflex lines read on the page image
74	old	lexical											no entry meets A4.1 for this meaning | slot word only inside another meaning: #84 'be old'; #867 'be old; elder'; #2664 'old man' | found by the Index of Meanings and an OCR heading search (A6 rule 9)
75	to eat	lexical	*ham-	*ham-	Hamito-Semitic	eat	exact	cited:Orel & Stolbova 1995 (HSED), no. 1157, p. 258; https://archive.org/details/vladimir-e.-orel-olga-v.-stolbova-hamito-semitic-etymological-dictionary-materia/page/n148	Semitic; Chadic (WCh, CCh, ECh); Cushitic (Dhl)	2	2026-10-03	1157 *ham- “eat”	HSED marks it 'Descriptive stem.' (its label for a possible onomatopoeia, p. XXV; relevant to the §3.4 screen); the Semitic reflex is glossed 'be insatiable' | chosen by A4.1 tie-breakers: gloss is the slot meaning alone, 3 branches, entry order | 6 other qualifying entries compared by the tie-breakers (branches read on the page image): #83 (2), #148 (2), #315 (2), #1064 (2), #1687 (2), #2343 (2) | also glossed with the slot meaning among other meanings, so not reached by the first tie-breaker: #208, #472, #1623, #1673, #2454, #2559 | found by the Index of Meanings and an OCR heading search (A6 rule 9); heading and reflex lines read on the page image
76	thigh	lexical	*čaḳel-	*čaḳel-	Hamito-Semitic	thigh	exact	cited:Orel & Stolbova 1995 (HSED), no. 470, p. 111; https://archive.org/details/vladimir-e.-orel-olga-v.-stolbova-hamito-semitic-etymological-dictionary-materia/page/n74	Egyptian; Chadic (CCh)	2	2026-10-03	470 *čaḳel- “thigh”	the Egyptian reflex is glossed 'leg'; the closing note offers an alternative set of comparisons for it | chosen by A4.1 tie-breakers: gloss is the slot meaning alone, 2 branches, entry order | 1 other qualifying entry compared by the tie-breakers (branches read on the page image): #520 (2) | also glossed with the slot meaning among other meanings, so not reached by the first tie-breaker: #828, #1224, #1928, #1931, #2133, #2378 | found by the Index of Meanings and an OCR heading search (A6 rule 9); heading and reflex lines read on the page image
77	thick	lexical											no entry meets A4.1 for this meaning | slot word only inside another meaning: #1005 'be heavy, be thick'; #1028 'be big, be thick'; #1410 'be thick' | found by the Index of Meanings and an OCR heading search (A6 rule 9)
78	long	lexical											no entry meets A4.1 for this meaning | slot word only inside another meaning: #555 'grow, be long' | found by the Index of Meanings and an OCR heading search (A6 rule 9)
79	to blow	lexical	*fiˀ-	*fiˀ-	Hamito-Semitic	blow	exact	cited:Orel & Stolbova 1995 (HSED), no. 797, p. 181; https://archive.org/details/vladimir-e.-orel-olga-v.-stolbova-hamito-semitic-etymological-dictionary-materia/page/n109	Semitic; Chadic (WCh, CCh); Cushitic (Rift)	2	2026-10-03	797 *fiˀ- “blow”	the Rift reflex is glossed 'catch one's breath, rest', 'sniff, snuff up' | chosen by A4.1 tie-breakers: gloss is the slot meaning alone, 3 branches, entry order | 4 other qualifying entries compared by the tie-breakers (branches read on the page image): #814 (3), #789 (2), #1165 (2), #2254 (2) | also glossed with the slot meaning among other meanings, so not reached by the first tie-breaker: #813 | found by the Index of Meanings and an OCR heading search (A6 rule 9); heading and reflex lines read on the page image
80	wood	lexical	*ᶜagom-	*ᶜagom-	Hamito-Semitic	tree	permitted-shift	cited:Orel & Stolbova 1995 (HSED), no. 1052, p. 237; https://archive.org/details/vladimir-e.-orel-olga-v.-stolbova-hamito-semitic-etymological-dictionary-materia/page/n137	Semitic; Chadic (WCh); Cushitic (LEC)	2	2026-10-03	1052 *ᶜagom- “tree”	the reflexes are glossed 'palm tree', 'mahogany', 'kind of bush'; CCh named only after 'Cf.', not counted | chosen by A4.1 tie-breakers: gloss is the slot meaning alone, 3 branches, entry order | 23 other qualifying entries compared by the tie-breakers (branches read on the page image): #1332 (3), #1766 (3), #2148 (3), #31 (2), #370 (2), #542 (2), #560 (2), #654 (2), #672 (2), #1026 (2), #1075 (2), #1126 (2), #1500 (2), #1750 (2), #2136 (2), #2182 (2), #2204 (2), #2229 (2), #2269 (2), #2392 (2), #2464 (2), #2542 (2), #2577 (2) | also glossed with the slot meaning among other meanings, so not reached by the first tie-breaker: #155, #1873, #2246, #2283, #2428 | found by the Index of Meanings and an OCR heading search (A6 rule 9); heading and reflex lines read on the page image
81	to run	lexical	*baḳ-/*buḳ-	*baḳ-/*buḳ-	Hamito-Semitic	run	exact	cited:Orel & Stolbova 1995 (HSED), no. 202, p. 51; https://archive.org/details/vladimir-e.-orel-olga-v.-stolbova-hamito-semitic-etymological-dictionary-materia/page/n44	Egyptian; Berber; Chadic (CCh); Cushitic (Agaw, SA, LEC, HEC)	4	2026-10-03	202 *baḳ-/*buḳ- “run”	Semitic named only in the closing note ('Probably, connected with Sem *bVḳaᶜ- "go away"'), not counted | chosen by A4.1 tie-breakers: gloss is the slot meaning alone, 4 branches, entry order | 3 other qualifying entries compared by the tie-breakers (branches read on the page image): #656 (3), #2405 (3), #1819 (2) | also glossed with the slot meaning among other meanings, so not reached by the first tie-breaker: #65, #130, #230, #284, #707, #934, #1127, #1885, #2081, #2084, #2197, #2207, #2219, #2345, #2353, #2418, #2504, #2566 | found by the Index of Meanings and an OCR heading search (A6 rule 9); heading and reflex lines read on the page image
82	to fall	lexical	*haw-/*hay-	*haw-/*hay-	Hamito-Semitic	fall	exact	cited:Orel & Stolbova 1995 (HSED), no. 1163, p. 259; https://archive.org/details/vladimir-e.-orel-olga-v.-stolbova-hamito-semitic-etymological-dictionary-materia/page/n148	Semitic; Egyptian; Berber; Chadic (WCh, CCh); Cushitic (Rift)	4	2026-10-03	1163 *haw-/*hay- “fall”	chosen by A4.1 tie-breakers: gloss is the slot meaning alone, 5 branches, entry order | 8 other qualifying entries compared by the tie-breakers (branches read on the page image): #625 (3), #562 (2), #793 (2), #1152 (2), #1436 (2), #1540 (2), #1936 (2), #2518 (2) | also glossed with the slot meaning among other meanings, so not reached by the first tie-breaker: #4, #655, #1930, #2484 | found by the Index of Meanings and an OCR heading search (A6 rule 9); heading and reflex lines read on the page image
83	eye	lexical	*ᶜayVn-	*ᶜayVn-	Hamito-Semitic	eye	exact	cited:Orel & Stolbova 1995 (HSED), no. 1084, p. 243; https://archive.org/details/vladimir-e.-orel-olga-v.-stolbova-hamito-semitic-etymological-dictionary-materia/page/n140	Semitic; Egyptian; Omotic	2	2026-10-03	1084 *ᶜayVn- “eye”	on the Egyptian reflex: 'Borrowing from Sem?' | chosen by A4.1 tie-breakers: gloss is the slot meaning alone, 3 branches, entry order | 4 other qualifying entries compared by the tie-breakers (branches read on the page image): #110 (2), #112 (2), #1101 (2), #2299 (2) | also glossed with the slot meaning among other meanings, so not reached by the first tie-breaker: #204 | found by the Index of Meanings and an OCR heading search (A6 rule 9); heading and reflex lines read on the page image
84	ash	lexical	*gur-	*gur-	Hamito-Semitic	ash	exact	cited:Orel & Stolbova 1995 (HSED), no. 986, p. 222; https://archive.org/details/vladimir-e.-orel-olga-v.-stolbova-hamito-semitic-etymological-dictionary-materia/page/n130	Semitic; Chadic (WCh, ECh)	1	2026-10-03	986 *gur- “ash”	the Semitic reflex is glossed 'hot ash', the East Chadic one 'coal' | chosen by A4.1 tie-breakers: gloss is the slot meaning alone, 2 branches, entry order | 3 other qualifying entries compared by the tie-breakers (branches read on the page image): #2131 (2), #2135 (2), #2344 (2) | also glossed with the slot meaning among other meanings, so not reached by the first tie-breaker: #353, #1797, #2417 | found by the Index of Meanings and an OCR heading search (A6 rule 9); heading and reflex lines read on the page image
85	tail	lexical	*č̣il-	*č̣il-	Hamito-Semitic	tail	exact	cited:Orel & Stolbova 1995 (HSED), no. 510, p. 119; https://archive.org/details/vladimir-e.-orel-olga-v.-stolbova-hamito-semitic-etymological-dictionary-materia/page/n78	Semitic; Chadic (WCh); Omotic	2	2026-10-03	510 *č̣il- “tail”	the Semitic reflex is a denominative verb 'wag (of a tail)' | chosen by A4.1 tie-breakers: gloss is the slot meaning alone, 3 branches, entry order | 2 other qualifying entries compared by the tie-breakers (branches read on the page image): #394 (2), #2665 (2) | also glossed with the slot meaning among other meanings, so not reached by the first tie-breaker: #731 | found by the Index of Meanings and an OCR heading search (A6 rule 9); heading and reflex lines read on the page image
86	dog	lexical	*küHen-	*küHen-	Hamito-Semitic	dog	exact	cited:Orel & Stolbova 1995 (HSED), no. 1511, p. 329; https://archive.org/details/vladimir-e.-orel-olga-v.-stolbova-hamito-semitic-etymological-dictionary-materia/page/n183	Chadic (WCh); Cushitic (Mgg); Omotic	3	2026-10-03	1511 *küHen- “dog”	chosen by A4.1 tie-breakers: gloss is the slot meaning alone, 3 branches, entry order | 4 other qualifying entries compared by the tie-breakers (branches read on the page image): #2571 (3), #1425 (2), #1434 (2), #1498 (2) | also glossed with the slot meaning among other meanings, so not reached by the first tie-breaker: #119, #876, #917, #1521 | found by the Index of Meanings and an OCR heading search (A6 rule 9); heading and reflex lines read on the page image
87	to cry/weep	lexical	*bVw-/*bVy-	*bVw-/*bVy-	Hamito-Semitic	cry, weep	exact	cited:Orel & Stolbova 1995 (HSED), no. 368, p. 89; https://archive.org/details/vladimir-e.-orel-olga-v.-stolbova-hamito-semitic-etymological-dictionary-materia/page/n63	Chadic (WCh); Cushitic (LEC)	2	2026-10-03	368 *bVw-/*bVy- “cry, weep”	chosen by A4.1 tie-breakers: gloss is the slot meaning alone, 2 branches, entry order | the heading gloss 'cry, weep' fixes the sense as weep | 3 other qualifying entries compared by the tie-breakers (branches read on the page image): #1104 (2), #1834 (2), #1883 (2) | also glossed with the slot meaning among other meanings, so not reached by the first tie-breaker: #2519 | found by the Index of Meanings and an OCR heading search (A6 rule 9); heading and reflex lines read on the page image
88	to tie	lexical	*ben-	*ben-	Hamito-Semitic	tie	exact	cited:Orel & Stolbova 1995 (HSED), no. 262, p. 66; https://archive.org/details/vladimir-e.-orel-olga-v.-stolbova-hamito-semitic-etymological-dictionary-materia/page/n52	Berber; Chadic (CCh)	2	2026-10-03	262 *ben- “tie”	reflexes glossed 'tie' (verbal) | chosen by A4.1 tie-breakers: gloss is the slot meaning alone, 2 branches, entry order | 4 other qualifying entries compared by the tie-breakers (branches read on the page image): #1447 (2), #1712 (2), #1880 (2), #2409 (2) | also glossed with the slot meaning among other meanings, so not reached by the first tie-breaker: #12, #80, #422, #586, #1062, #1132, #1315, #1395, #2321, #2332 | excluded by part of speech (A6 rule 3): #106 'cord, tie' ('cord, tie': noun) | found by the Index of Meanings and an OCR heading search (A6 rule 9); heading and reflex lines read on the page image
89	to see	lexical	*baḳ-	*baḳ-	Hamito-Semitic	look, see	exact	cited:Orel & Stolbova 1995 (HSED), no. 201, p. 50; https://archive.org/details/vladimir-e.-orel-olga-v.-stolbova-hamito-semitic-etymological-dictionary-materia/page/n44	Semitic; Egyptian; Chadic (WCh); Cushitic (LEC, HEC); Omotic	4	2026-10-03	201 *baḳ- “look, see”	chosen by A4.1 tie-breakers: gloss is the slot meaning alone, 5 branches, entry order | 11 other qualifying entries compared by the tie-breakers (branches read on the page image): #222 (4), #1581 (4), #1820 (4), #506 (3), #757 (3), #1089 (3), #430 (2), #918 (2), #1090 (2), #1522 (2), #2104 (2) | also glossed with the slot meaning among other meanings, so not reached by the first tie-breaker: #75, #275, #618, #622, #1056, #1074, #1103, #1397, #1761, #1954 | found by the Index of Meanings and an OCR heading search (A6 rule 9); heading and reflex lines read on the page image
90	sweet	lexical											no entry meets A4.1 for this meaning | slot word only inside another meaning: #1146 'be sweet'; #1225 'be sweet'; #1818 'be sweet' | found by the Index of Meanings and an OCR heading search (A6 rule 9)
91	rope	lexical	*sib-	*sib-	Hamito-Semitic	rope	exact	cited:Orel & Stolbova 1995 (HSED), no. 2228, p. 470; https://archive.org/details/vladimir-e.-orel-olga-v.-stolbova-hamito-semitic-etymological-dictionary-materia/page/n254	Semitic; Chadic (ECh); Cushitic (LEC, HEC)	2	2026-10-03	2228 *sib- “rope”	Beja and Rift named only after 'Cf.', not counted | chosen by A4.1 tie-breakers: gloss is the slot meaning alone, 3 branches, entry order | 6 other qualifying entries compared by the tie-breakers (branches read on the page image): #2255 (3), #1221 (2), #1612 (2), #2160 (2), #2545 (2), #2612 (2) | also glossed with the slot meaning among other meanings, so not reached by the first tie-breaker: #249, #388, #422 | found by the Index of Meanings and an OCR heading search (A6 rule 9); heading and reflex lines read on the page image
92	shade/shadow	lexical	*č̣al-/*č̣il-	*č̣al-/*č̣il-	Hamito-Semitic	shadow	exact	cited:Orel & Stolbova 1995 (HSED), no. 503, p. 117; https://archive.org/details/vladimir-e.-orel-olga-v.-stolbova-hamito-semitic-etymological-dictionary-materia/page/n77	Semitic; Chadic (WCh, CCh); Cushitic (HEC, Dhl)	2	2026-10-03	503 *č̣al-/*č̣il- “shadow”	the Central Chadic reflex is glossed 'west' | chosen by A4.1 tie-breakers: gloss is the slot meaning alone, 3 branches, entry order | found by the Index of Meanings and an OCR heading search (A6 rule 9); heading and reflex lines read on the page image
93	bird	lexical	*c̣ir-	*c̣ir-	Hamito-Semitic	bird	exact	cited:Orel & Stolbova 1995 (HSED), no. 443, p. 105; https://archive.org/details/vladimir-e.-orel-olga-v.-stolbova-hamito-semitic-etymological-dictionary-materia/page/n71	Semitic; Egyptian; Chadic (WCh); Cushitic (LEC); Omotic	4	2026-10-03	443 *c̣ir- “bird”	on the Semitic reflex: 'Borrowed from Cush?' | chosen by A4.1 tie-breakers: gloss is the slot meaning alone, 5 branches, entry order | 50 other qualifying entries compared by the tie-breakers (branches read on the page image): #2162 (4), #10 (3), #293 (3), #356 (3), #500 (3), #512 (3), #683 (3), #702 (3), #1593 (3), #2090 (3), #2130 (3), #2151 (3), #2190 (3), #2443 (3), #289 (2), #301 (2), #374 (2), #397 (2), #410 (2), #432 (2), #465 (2), #687 (2), #714 (2), #735 (2), #736 (2), #748 (2), #943 (2), #965 (2), #1037 (2), #1053 (2), #1088 (2), #1095 (2), #1261 (2), #1283 (2), #1361 (2), #1505 (2), #1598 (2), #1680 (2), #1685 (2), #1793 (2), #1874 (2), #1971 (2), #2072 (2), #2157 (2), #2291 (2), #2326 (2), #2492 (2), #2572 (2), #2630 (2), #2663 (2) | found by the Index of Meanings and an OCR heading search (A6 rule 9); heading and reflex lines read on the page image
94	salt	lexical	*ḥam-	*ḥam-	Hamito-Semitic	salt	exact	cited:Orel & Stolbova 1995 (HSED), no. 1231, p. 273; https://archive.org/details/vladimir-e.-orel-olga-v.-stolbova-hamito-semitic-etymological-dictionary-materia/page/n155	Egyptian; Chadic (WCh, CCh)	2	2026-10-03	1231 *ḥam- “salt”	chosen by A4.1 tie-breakers: gloss is the slot meaning alone, 2 branches, entry order | found by the Index of Meanings and an OCR heading search (A6 rule 9); heading and reflex lines read on the page image
95	small	lexical											no entry meets A4.1 for this meaning | slot word only inside another meaning: #704 'be small, be thin'; #964 'be small'; #1198 '(be) small'; #1438 'be small'; #1506 'be small'; #1542 'be small'; #1596 'be small'; #1615 'be small' | found by the Index of Meanings and an OCR heading search (A6 rule 9)
96	wide	lexical											no entry meets A4.1 for this meaning | found by the Index of Meanings and an OCR heading search (A6 rule 9)
97	star	lexical	*ḥer-	*ḥer-	Hamito-Semitic	star	exact	cited:Orel & Stolbova 1995 (HSED), no. 1264, p. 279; https://archive.org/details/vladimir-e.-orel-olga-v.-stolbova-hamito-semitic-etymological-dictionary-materia/page/n158	Egyptian; Chadic (ECh); Cushitic (LEC)	3	2026-10-03	1264 *ḥer- “star”	the Lowland East Cushitic reflex is glossed 'light of sun or moon' | chosen by A4.1 tie-breakers: gloss is the slot meaning alone, 3 branches, entry order | also glossed with the slot meaning among other meanings, so not reached by the first tie-breaker: #531 | found by the Index of Meanings and an OCR heading search (A6 rule 9); heading and reflex lines read on the page image
98	in	lexical											no entry meets A4.1 for this meaning | slot word only inside another meaning: #437 'in-law'; #1419 'female in-law' | HSED excludes numerals, pronouns, prepositions and particles (p. XXVII; A6 rule 10) | found by the Index of Meanings and an OCR heading search (A6 rule 9)
99	hard	lexical											no entry meets A4.1 for this meaning | slot word only inside another meaning: #1383 'be hard' | found by the Index of Meanings and an OCR heading search (A6 rule 9)
100	to crush/grind	lexical	*c̣ad-	*c̣ad-	Hamito-Semitic	grind	exact	cited:Orel & Stolbova 1995 (HSED), no. 412, p. 98; https://archive.org/details/vladimir-e.-orel-olga-v.-stolbova-hamito-semitic-etymological-dictionary-materia/page/n68	Berber; Omotic	2	2026-10-03	412 *c̣ad- “grind”	the Omotic reflex is glossed 'pound' | chosen by A4.1 tie-breakers: gloss is the slot meaning alone, 2 branches, entry order | 3 other qualifying entries compared by the tie-breakers (branches read on the page image): #1186 (2), #1871 (2), #2222 (2) | also glossed with the slot meaning among other meanings, so not reached by the first tie-breaker: #607, #759, #927, #1309, #1657, #1986, #2004, #2017, #2040, #2455, #2556 | found by the Index of Meanings and an OCR heading search (A6 rule 9); heading and reflex lines read on the page image
