slot	meaning	strand	root	form	level	gloss_as_given	match	provenance	notes
1	fire	lexical							
2	nose	lexical							
3	to go	lexical	hlk	hlk	Common Semitic	To go.	exact	cited:Huehnergard 2011 (AHD 5th ed., App. II Semitic Roots), entry hlk; https://ahdictionary.com/word/semitic.html#hlk	root printed without a subbranch label; AHD guide: 'If the root is possibly but not assuredly of Common Semitic ancestry, the subbranch of Semitic for which it is reconstructible is given first' (https://ahdictionary.com/word/semguide.html), so an unlabelled root is Common Semitic | root only; the appendix gives no reconstructed word | Kogan 2011 and SED (higher precedence, §7.1) not viewed; they may give a different reconstruction
4	water	lexical	my2	*mā̆ʾ‑	Common Semitic	water	exact	cited:Huehnergard 2011 (AHD 5th ed., App. II Semitic Roots), entry my2; https://ahdictionary.com/word/semitic.html#my	Kogan 2011 and SED (higher precedence, §7.1) not viewed; they may give a different reconstruction | source note: Second form *mā̆y‑ also given. Entry prefaced "(exact root shape uncertain)" -- doubt concerns root shape, not gloss. Anchor is "my" (HTML has no my1/my2 anchors).
5	mouth	lexical	p	*pV̄‑	Common Semitic	mouth	exact	cited:Huehnergard 2011 (AHD 5th ed., App. II Semitic Roots), entry p; https://ahdictionary.com/word/semitic.html#p	Kogan 2011 and SED (higher precedence, §7.1) not viewed; they may give a different reconstruction
6	tongue	lexical							
7	blood	lexical	ʾdm	*dam‑	Common Semitic	blood	exact	cited:Huehnergard 2011 (AHD 5th ed., App. II Semitic Roots), entry ʾdm; https://ahdictionary.com/word/semitic.html#ʾdm	Kogan 2011 and SED (higher precedence, §7.1) not viewed; they may give a different reconstruction | source note: No separate dm entry ("dm See ʾdm."); *dam‑ cited inside ʾdm entry. The "perhaps" hedges the relation to *ʾadam‑, not the gloss of *dam‑.
8	bone	lexical							
9	you (2sg)	morphology							grammatical item: see data/morphology.md
10	root	lexical							
11	to come	lexical							
12	breast	lexical							
13	rain	lexical							
14	I (1sg)	morphology							grammatical item: see data/morphology.md
15	name	lexical	šm	*š(i)m‑	Common Semitic	name	exact	cited:Huehnergard 2011 (AHD 5th ed., App. II Semitic Roots), entry šm; https://ahdictionary.com/word/semitic.html#šm	Kogan 2011 and SED (higher precedence, §7.1) not viewed; they may give a different reconstruction
16	louse	lexical							
17	wing	lexical	knp	*kanap‑	Common Semitic	wing, side	exact	cited:Huehnergard 2011 (AHD 5th ed., App. II Semitic Roots), entry knp; https://ahdictionary.com/word/semitic.html#knp	Kogan 2011 and SED (higher precedence, §7.1) not viewed; they may give a different reconstruction
18	flesh/meat	lexical							
19	arm/hand	lexical	rḥ	*raḥt‑	Common Semitic	hand, palm of the hand	exact	cited:Huehnergard 2011 (AHD 5th ed., App. II Semitic Roots), entry rḥ; https://ahdictionary.com/word/semitic.html#rḥ	also in the appendix: yd *yad‑ (Common Semitic, 'hand'); ḏrʿ *dirāʿ (West Semitic, 'arm') | Kogan 2011 and SED (higher precedence, §7.1) not viewed; they may give a different reconstruction
20	fly (insect)	lexical	ḏbb	*ḏibb‑	Common Semitic	fly	exact	cited:Huehnergard 2011 (AHD 5th ed., App. II Semitic Roots), entry ḏbb; https://ahdictionary.com/word/semitic.html#ḏbb	Kogan 2011 and SED (higher precedence, §7.1) not viewed; they may give a different reconstruction
21	night	lexical							
22	ear	lexical	ʾḏn	*ʾuḏn‑	Common Semitic	ear	exact	cited:Huehnergard 2011 (AHD 5th ed., App. II Semitic Roots), entry ʾḏn; https://ahdictionary.com/word/semitic.html#ʾḏn	Kogan 2011 and SED (higher precedence, §7.1) not viewed; they may give a different reconstruction
23	neck	lexical							
24	far	lexical							
25	to do/make	lexical							no Common Semitic reconstruction; lower-level only (not used, A3): ṣnʿ (West Semitic, 'to be(come) strong, do (something) skill')
26	house	lexical	byt	*bayt‑	Common Semitic	house	exact	cited:Huehnergard 2011 (AHD 5th ed., App. II Semitic Roots), entry byt; https://ahdictionary.com/word/semitic.html#byt	Kogan 2011 and SED (higher precedence, §7.1) not viewed; they may give a different reconstruction
27	stone/rock	lexical							
28	bitter	lexical	mrr	mrr	Common Semitic	To be(come) bitter.	exact	cited:Huehnergard 2011 (AHD 5th ed., App. II Semitic Roots), entry mrr; https://ahdictionary.com/word/semitic.html#mrr	root printed without a subbranch label; AHD guide: 'If the root is possibly but not assuredly of Common Semitic ancestry, the subbranch of Semitic for which it is reconstructible is given first' (https://ahdictionary.com/word/semguide.html), so an unlabelled root is Common Semitic | root only; the appendix gives no reconstructed word | adjective slot filled by a stative root "to be(come) X"; Semitic adjectives are formed on such roots and §3.1 compares root consonants only | Kogan 2011 and SED (higher precedence, §7.1) not viewed; they may give a different reconstruction
29	to say	lexical	rgm	rgm	Common Semitic	To say, speak, call, shout, contest, lay claim to.	exact	cited:Huehnergard 2011 (AHD 5th ed., App. II Semitic Roots), entry rgm; https://ahdictionary.com/word/semitic.html#rgm	root printed without a subbranch label; AHD guide: 'If the root is possibly but not assuredly of Common Semitic ancestry, the subbranch of Semitic for which it is reconstructible is given first' (https://ahdictionary.com/word/semguide.html), so an unlabelled root is Common Semitic | root only; the appendix gives no reconstructed word | Kogan 2011 and SED (higher precedence, §7.1) not viewed; they may give a different reconstruction
30	tooth	lexical	šnn	*šinn‑	Common Semitic	tooth	exact	cited:Huehnergard 2011 (AHD 5th ed., App. II Semitic Roots), entry šnn; https://ahdictionary.com/word/semitic.html#šnn	Kogan 2011 and SED (higher precedence, §7.1) not viewed; they may give a different reconstruction
31	hair	lexical							
32	big	lexical							
33	one	lexical							
34	who?	lexical							no Common Semitic reconstruction; lower-level only (not used, A3): my1 *mīy‑ (Northwest Semitic, 'who?')
35	he/she (3sg)	morphology							grammatical item: see data/morphology.md
36	to hit/beat	lexical	šbṭ	šbṭ	Common Semitic	To strike, beat.	exact	cited:Huehnergard 2011 (AHD 5th ed., App. II Semitic Roots), entry šbṭ; https://ahdictionary.com/word/semitic.html#šbṭ	root printed without a subbranch label; AHD guide: 'If the root is possibly but not assuredly of Common Semitic ancestry, the subbranch of Semitic for which it is reconstructible is given first' (https://ahdictionary.com/word/semguide.html), so an unlabelled root is Common Semitic | root only; the appendix gives no reconstructed word | also in the appendix: ṣ́rb (West Semitic, 'to strike, hit') | Kogan 2011 and SED (higher precedence, §7.1) not viewed; they may give a different reconstruction
37	leg/foot	lexical							no Common Semitic reconstruction; lower-level only (not used, A3): rgl *rigl‑ (West Semitic, 'foot')
38	horn	lexical							
39	this	lexical							
40	fish	lexical	nwn	*nūn‑	Common Semitic	fish	exact	cited:Huehnergard 2011 (AHD 5th ed., App. II Semitic Roots), entry nwn; https://ahdictionary.com/word/semitic.html#nwn	Kogan 2011 and SED (higher precedence, §7.1) not viewed; they may give a different reconstruction
41	yesterday	lexical							
42	to drink	lexical							no Common Semitic reconstruction; lower-level only (not used, A3): śrb (West Semitic, 'to drink, absorb')
43	black	lexical							no Common Semitic reconstruction; lower-level only (not used, A3): šwd (Arabic root, 'to be(come) black')
44	navel	lexical							
45	to stand	lexical	ḏwḏ1	ḏwḏ1	Common Semitic	To stand, stand up, move.	exact	cited:Huehnergard 2011 (AHD 5th ed., App. II Semitic Roots), entry ḏwḏ1; https://ahdictionary.com/word/semitic.html#ḏwḏ	root printed without a subbranch label; AHD guide: 'If the root is possibly but not assuredly of Common Semitic ancestry, the subbranch of Semitic for which it is reconstructible is given first' (https://ahdictionary.com/word/semguide.html), so an unlabelled root is Common Semitic | root only; the appendix gives no reconstructed word | also in the appendix: qwm (West Semitic, 'to (a)rise, stand (up)') | Kogan 2011 and SED (higher precedence, §7.1) not viewed; they may give a different reconstruction
46	to bite	lexical							
47	back	lexical							
48	wind	lexical							
49	smoke	lexical							
50	what?	lexical							
51	child (kin term)	lexical	bn	*b(i)n‑	Common Semitic	son	permitted-shift	cited:Huehnergard 2011 (AHD 5th ed., App. II Semitic Roots), entry bn; https://ahdictionary.com/word/semitic.html#bn	Kogan 2011 and SED (higher precedence, §7.1) not viewed; they may give a different reconstruction
52	egg	lexical							
53	to give	lexical	ntn	ntn	Common Semitic	To give.	exact	cited:Huehnergard 2011 (AHD 5th ed., App. II Semitic Roots), entry ntn; https://ahdictionary.com/word/semitic.html#ntn	root printed without a subbranch label; AHD guide: 'If the root is possibly but not assuredly of Common Semitic ancestry, the subbranch of Semitic for which it is reconstructible is given first' (https://ahdictionary.com/word/semguide.html), so an unlabelled root is Common Semitic | root only; the appendix gives no reconstructed word | also in the appendix: rym (East Semitic, 'to give') | Kogan 2011 and SED (higher precedence, §7.1) not viewed; they may give a different reconstruction
54	new	lexical	ḥdṯ	ḥdṯ	Common Semitic	To be(come) new.	exact	cited:Huehnergard 2011 (AHD 5th ed., App. II Semitic Roots), entry ḥdṯ; https://ahdictionary.com/word/semitic.html#ḥdṯ	root printed without a subbranch label; AHD guide: 'If the root is possibly but not assuredly of Common Semitic ancestry, the subbranch of Semitic for which it is reconstructible is given first' (https://ahdictionary.com/word/semguide.html), so an unlabelled root is Common Semitic | root only; the appendix gives no reconstructed word | adjective slot filled by a stative root "to be(come) X"; Semitic adjectives are formed on such roots and §3.1 compares root consonants only | Kogan 2011 and SED (higher precedence, §7.1) not viewed; they may give a different reconstruction
55	to burn (intr.)	lexical	śrp1	śrp1	Common Semitic	To burn.	exact	cited:Huehnergard 2011 (AHD 5th ed., App. II Semitic Roots), entry śrp1; https://ahdictionary.com/word/semitic.html#śrp	root printed without a subbranch label; AHD guide: 'If the root is possibly but not assuredly of Common Semitic ancestry, the subbranch of Semitic for which it is reconstructible is given first' (https://ahdictionary.com/word/semguide.html), so an unlabelled root is Common Semitic | root only; the appendix gives no reconstructed word | also in the appendix: rmṣ́ (West Semitic, 'to burn, be(come) scorched'); kbb1 (East Semitic, 'to burn, char') | Kogan 2011 and SED (higher precedence, §7.1) not viewed; they may give a different reconstruction
56	not	morphology							grammatical item: see data/morphology.md
57	good	lexical	ṭyb	ṭyb	Common Semitic	To be(come) good, pleasant.	exact	cited:Huehnergard 2011 (AHD 5th ed., App. II Semitic Roots), entry ṭyb; https://ahdictionary.com/word/semitic.html#ṭyb	root printed without a subbranch label; AHD guide: 'If the root is possibly but not assuredly of Common Semitic ancestry, the subbranch of Semitic for which it is reconstructible is given first' (https://ahdictionary.com/word/semguide.html), so an unlabelled root is Common Semitic | root only; the appendix gives no reconstructed word | adjective slot filled by a stative root "to be(come) X"; Semitic adjectives are formed on such roots and §3.1 compares root consonants only | also in the appendix: ṣlḥ (West Semitic, 'to prosper, be(come) good, better, usefu') | Kogan 2011 and SED (higher precedence, §7.1) not viewed; they may give a different reconstruction
58	to know	lexical	ydʿ	ydʿ	Common Semitic	To know.	exact	cited:Huehnergard 2011 (AHD 5th ed., App. II Semitic Roots), entry ydʿ; https://ahdictionary.com/word/semitic.html#ydʿ	root printed without a subbranch label; AHD guide: 'If the root is possibly but not assuredly of Common Semitic ancestry, the subbranch of Semitic for which it is reconstructible is given first' (https://ahdictionary.com/word/semguide.html), so an unlabelled root is Common Semitic | root only; the appendix gives no reconstructed word | also in the appendix: ʿrp (Central Semitic, 'to reckon, know'); ʿlm (Arabic root, 'to know') | Kogan 2011 and SED (higher precedence, §7.1) not viewed; they may give a different reconstruction
59	knee	lexical							
60	sand	lexical							
61	to laugh	lexical	ṣ́ḥq	ṣ́ḥq	Common Semitic	To laugh.	exact	cited:Huehnergard 2011 (AHD 5th ed., App. II Semitic Roots), entry ṣ́ḥq; https://ahdictionary.com/word/semitic.html#ṣ́ḥq	root printed without a subbranch label; AHD guide: 'If the root is possibly but not assuredly of Common Semitic ancestry, the subbranch of Semitic for which it is reconstructible is given first' (https://ahdictionary.com/word/semguide.html), so an unlabelled root is Common Semitic | root only; the appendix gives no reconstructed word | Kogan 2011 and SED (higher precedence, §7.1) not viewed; they may give a different reconstruction
62	to hear	lexical	šmʿ	šmʿ	Common Semitic	To hear.	exact	cited:Huehnergard 2011 (AHD 5th ed., App. II Semitic Roots), entry šmʿ; https://ahdictionary.com/word/semitic.html#šmʿ	root printed without a subbranch label; AHD guide: 'If the root is possibly but not assuredly of Common Semitic ancestry, the subbranch of Semitic for which it is reconstructible is given first' (https://ahdictionary.com/word/semguide.html), so an unlabelled root is Common Semitic | root only; the appendix gives no reconstructed word | Kogan 2011 and SED (higher precedence, §7.1) not viewed; they may give a different reconstruction
63	soil	lexical	ʾrṣ́	*ʾarṣ́‑	Common Semitic	earth	permitted-shift	cited:Huehnergard 2011 (AHD 5th ed., App. II Semitic Roots), entry ʾrṣ́; https://ahdictionary.com/word/semitic.html#ʾrṣ́	Kogan 2011 and SED (higher precedence, §7.1) not viewed; they may give a different reconstruction
64	leaf	lexical							
65	red	lexical							no Common Semitic reconstruction; lower-level only (not used, A3): śrq (West Semitic, 'to be(come) red, rise (of the sun)'); smq (Aramaic root, 'to be(come) red')
66	liver	lexical							
67	to hide	lexical							no Common Semitic reconstruction; lower-level only (not used, A3): ṣpn (Northwest Semitic, 'to hide')
68	skin/hide	lexical							
69	to suck	lexical							
70	to carry	lexical	x̣ml	x̣ml	Common Semitic	To plan, carry.	exact	cited:Huehnergard 2011 (AHD 5th ed., App. II Semitic Roots), entry x̣ml; https://ahdictionary.com/word/semitic.html#x̣ml	root printed without a subbranch label; AHD guide: 'If the root is possibly but not assuredly of Common Semitic ancestry, the subbranch of Semitic for which it is reconstructible is given first' (https://ahdictionary.com/word/semguide.html), so an unlabelled root is Common Semitic | root only; the appendix gives no reconstructed word | also in the appendix: ʿms (Central Semitic, 'to load, carry'); wzr (Arabic root, 'to carry (a burden), take upon oneself') | Kogan 2011 and SED (higher precedence, §7.1) not viewed; they may give a different reconstruction
71	ant	lexical							
72	heavy	lexical							
73	to take	lexical							
74	old	lexical							
75	to eat	lexical	lḥm	lḥm	Common Semitic	To eat.	exact	cited:Huehnergard 2011 (AHD 5th ed., App. II Semitic Roots), entry lḥm; https://ahdictionary.com/word/semitic.html#lḥm	root printed without a subbranch label; AHD guide: 'If the root is possibly but not assuredly of Common Semitic ancestry, the subbranch of Semitic for which it is reconstructible is given first' (https://ahdictionary.com/word/semguide.html), so an unlabelled root is Common Semitic | root only; the appendix gives no reconstructed word | Kogan 2011 and SED (higher precedence, §7.1) not viewed; they may give a different reconstruction
76	thigh	lexical							
77	thick	lexical							
78	long	lexical							
79	to blow	lexical							no Common Semitic reconstruction; lower-level only (not used, A3): hbb (West Semitic, 'to move, set out, blow (of wind)')
80	wood	lexical							
81	to run	lexical							
82	to fall	lexical	hwy	hwy	Common Semitic	To fall, happen, be, become.	exact	cited:Huehnergard 2011 (AHD 5th ed., App. II Semitic Roots), entry hwy; https://ahdictionary.com/word/semitic.html#hwy	root printed without a subbranch label; AHD guide: 'If the root is possibly but not assuredly of Common Semitic ancestry, the subbranch of Semitic for which it is reconstructible is given first' (https://ahdictionary.com/word/semguide.html), so an unlabelled root is Common Semitic | root only; the appendix gives no reconstructed word | also in the appendix: wqʿ (Arabic root, 'to fall') | Kogan 2011 and SED (higher precedence, §7.1) not viewed; they may give a different reconstruction
83	eye	lexical	ʿyn	*ʿayn‑	Common Semitic	eye	exact	cited:Huehnergard 2011 (AHD 5th ed., App. II Semitic Roots), entry ʿyn; https://ahdictionary.com/word/semitic.html#ʿyn	Kogan 2011 and SED (higher precedence, §7.1) not viewed; they may give a different reconstruction
84	ash	lexical							
85	tail	lexical	ḏnb	*ḏanab‑	Common Semitic	tail	exact	cited:Huehnergard 2011 (AHD 5th ed., App. II Semitic Roots), entry ḏnb; https://ahdictionary.com/word/semitic.html#ḏnb	Kogan 2011 and SED (higher precedence, §7.1) not viewed; they may give a different reconstruction
86	dog	lexical							
87	to cry/weep	lexical							no Common Semitic reconstruction; lower-level only (not used, A3): hnn (Central Semitic (?), 'to weep, yearn')
88	to tie	lexical							no Common Semitic reconstruction; lower-level only (not used, A3): ṣrr (Central Semitic, 'to be(come) narrow, restricted, distress'); rbṭ (Arabic root, 'to bind, tie')
89	to see	lexical	x̣zy	x̣zy	Common Semitic	To see.	exact	cited:Huehnergard 2011 (AHD 5th ed., App. II Semitic Roots), entry x̣zy; https://ahdictionary.com/word/semitic.html#x̣zy	root printed without a subbranch label; AHD guide: 'If the root is possibly but not assuredly of Common Semitic ancestry, the subbranch of Semitic for which it is reconstructible is given first' (https://ahdictionary.com/word/semguide.html), so an unlabelled root is Common Semitic | root only; the appendix gives no reconstructed word | also in the appendix: rʾy (West Semitic, 'to see'); ḥzy (Central (Common?) Semitic, 'to see') | Kogan 2011 and SED (higher precedence, §7.1) not viewed; they may give a different reconstruction
90	sweet	lexical	x̣lw	x̣lw	Common Semitic	To be(come) sweet, pleasant, agreeable, merry.	exact	cited:Huehnergard 2011 (AHD 5th ed., App. II Semitic Roots), entry x̣lw; https://ahdictionary.com/word/semitic.html#x̣lw	root printed without a subbranch label; AHD guide: 'If the root is possibly but not assuredly of Common Semitic ancestry, the subbranch of Semitic for which it is reconstructible is given first' (https://ahdictionary.com/word/semguide.html), so an unlabelled root is Common Semitic | root only; the appendix gives no reconstructed word | adjective slot filled by a stative root "to be(come) X"; Semitic adjectives are formed on such roots and §3.1 compares root consonants only | Kogan 2011 and SED (higher precedence, §7.1) not viewed; they may give a different reconstruction
91	rope	lexical							
92	shade/shadow	lexical	ṯ̣ll	*ṯill‑	Common Semitic	*ṯill‑, shade, shadow	exact	cited:Huehnergard 2011 (AHD 5th ed., App. II Semitic Roots), entry ṯ̣ll; https://ahdictionary.com/word/semitic.html#ṯ̣ll	root printed without a subbranch label; AHD guide: 'If the root is possibly but not assuredly of Common Semitic ancestry, the subbranch of Semitic for which it is reconstructible is given first' (https://ahdictionary.com/word/semguide.html), so an unlabelled root is Common Semitic | Kogan 2011 and SED (higher precedence, §7.1) not viewed; they may give a different reconstruction
93	bird	lexical							
94	salt	lexical	mlḥ	*milḥ‑	Common Semitic	salt	exact	cited:Huehnergard 2011 (AHD 5th ed., App. II Semitic Roots), entry mlḥ; https://ahdictionary.com/word/semitic.html#mlḥ	Kogan 2011 and SED (higher precedence, §7.1) not viewed; they may give a different reconstruction
95	small	lexical	qṭn	qṭn	Common Semitic	To be(come) thin, fine, small.	exact	cited:Huehnergard 2011 (AHD 5th ed., App. II Semitic Roots), entry qṭn; https://ahdictionary.com/word/semitic.html#qṭn	root printed without a subbranch label; AHD guide: 'If the root is possibly but not assuredly of Common Semitic ancestry, the subbranch of Semitic for which it is reconstructible is given first' (https://ahdictionary.com/word/semguide.html), so an unlabelled root is Common Semitic | root only; the appendix gives no reconstructed word | adjective slot filled by a stative root "to be(come) X"; Semitic adjectives are formed on such roots and §3.1 compares root consonants only | Kogan 2011 and SED (higher precedence, §7.1) not viewed; they may give a different reconstruction
96	wide	lexical							no Common Semitic reconstruction; lower-level only (not used, A3): rḥb (West Semitic, 'to be(come) wide, large')
97	star	lexical							
98	in	lexical	b	bi‑	Common Semitic	in, on, at, with	exact	cited:Huehnergard 2011 (AHD 5th ed., App. II Semitic Roots), entry b; https://ahdictionary.com/word/semitic.html#b	Kogan 2011 and SED (higher precedence, §7.1) not viewed; they may give a different reconstruction | source note: Printed without asterisk. Polysemous preposition; "in" is first gloss.
99	hard	lexical							no Common Semitic reconstruction; lower-level only (not used, A3): gmd (Central Semitic, 'to become hard, congeal, freeze, contrac')
100	to crush/grind	lexical	ṭḥn	ṭḥn	Common Semitic	To grind (flour).	exact	cited:Huehnergard 2011 (AHD 5th ed., App. II Semitic Roots), entry ṭḥn; https://ahdictionary.com/word/semitic.html#ṭḥn	root printed without a subbranch label; AHD guide: 'If the root is possibly but not assuredly of Common Semitic ancestry, the subbranch of Semitic for which it is reconstructible is given first' (https://ahdictionary.com/word/semguide.html), so an unlabelled root is Common Semitic | root only; the appendix gives no reconstructed word | also in the appendix: hrs (Central Semitic, 'to crush, break'); smd (East Semitic, 'to grind (groats)') | Kogan 2011 and SED (higher precedence, §7.1) not viewed; they may give a different reconstruction
